Country Name,Country Code,Year,Women_Agriculture_Pct,Undernourishment_Pct
Afghanistan,AFG,2010,50.856581735692,18.6
Angola,AGO,2010,45.6545471600003,14.8
Albania,ALB,2010,52.6381920433965,4.9
United Arab Emirates,ARE,2010,0.124905569672413,4.9
Argentina,ARG,2010,4.09286259978896,3.7
Armenia,ARM,2010,44.197238954212,2.5
Australia,AUS,2010,2.57104243267415,2.5
Austria,AUT,2010,5.16374532629737,2.5
Azerbaijan,AZE,2010,44.1613191689607,2.5
Belgium,BEL,2010,0.891794314694709,2.5
Benin,BEN,2010,36.0940872110124,9.6
Burkina Faso,BFA,2010,65.0714715827505,14.6
Bangladesh,BGD,2010,55.6120024273705,18.0
Bulgaria,BGR,2010,5.0236064950306,5.2
Bosnia and Herzegovina,BIH,2010,24.3742917340836,2.5
Belarus,BLR,2010,8.35551083588759,2.5
Belize,BLZ,2010,4.12739041618469,5.1
Brazil,BRA,2010,5.50304848188389,2.7
Barbados,BRB,2010,1.75864431009322,2.5
Botswana,BWA,2010,11.1345541540103,22.0
Central African Republic,CAF,2010,63.8863185894082,26.3
Canada,CAN,2010,1.09975638528818,2.5
Switzerland,CHE,2010,2.71872646867795,2.5
Chile,CHL,2010,3.68482589219401,3.7
China,CHN,2010,33.0067159252043,2.5
Cameroon,CMR,2010,61.3564289896909,4.3
Colombia,COL,2010,6.07044711290745,10.0
Comoros,COM,2010,47.6078444276266,15.9
Cabo Verde,CPV,2010,9.07767481897818,14.1
Costa Rica,CRI,2010,8.58645802536317,3.1
Cyprus,CYP,2010,2.47619806397642,2.5
Czechia,CZE,2010,1.91737693142453,2.5
Germany,DEU,2010,1.1025311459368,2.5
Djibouti,DJI,2010,1.40849401851339,18.8
Denmark,DNK,2010,0.926331064788874,2.5
Dominican Republic,DOM,2010,1.25755386800954,11.6
Algeria,DZA,2010,3.52009337666376,3.7
Ecuador,ECU,2010,21.1893419039592,8.0
Spain,ESP,2010,2.31689652330348,2.5
Estonia,EST,2010,2.8089325573292,2.5
Ethiopia,ETH,2010,67.8153087526366,21.2
Finland,FIN,2010,2.83998451193618,2.5
Fiji,FJI,2010,31.4825367158237,7.3
France,FRA,2010,1.79711984735133,2.5
Gabon,GAB,2010,32.8708969238501,13.5
Georgia,GEO,2010,52.7481301822394,8.1
Ghana,GHA,2010,45.9470672869147,7.3
Guinea,GIN,2010,62.7783011578518,17.2
Guinea-Bissau,GNB,2010,70.449122834877,23.7
Greece,GRC,2010,11.7641155950601,2.5
Guatemala,GTM,2010,12.4581923494576,15.0
Guyana,GUY,2010,9.58738283816968,8.9
Honduras,HND,2010,11.7144932626757,12.9
Croatia,HRV,2010,15.4912296174858,2.8
Haiti,HTI,2010,32.9241331715851,39.7
Hungary,HUN,2010,2.35280131534395,2.5
Indonesia,IDN,2010,36.4330614509009,10.9
India,IND,2010,65.3327393775454,14.2
Ireland,IRL,2010,1.90062275867318,2.5
Iraq,IRQ,2010,17.1290690131653,13.6
Iceland,ISL,2010,2.2378656069014,2.5
Israel,ISR,2010,0.785511277318449,2.5
Italy,ITA,2010,2.71694554317378,2.5
Jamaica,JAM,2010,9.44642823835647,7.8
Jordan,JOR,2010,1.0868919406012,9.1
Kazakhstan,KAZ,2010,27.4523602704147,3.0
Kenya,KEN,2010,63.7065265680396,19.9
Cambodia,KHM,2010,55.8395175187236,9.2
Kuwait,KWT,2010,0.0877186891726438,2.5
Lebanon,LBN,2010,1.63005738094368,3.9
Liberia,LBR,2010,47.3310950494641,35.6
Libya,LBY,2010,7.64545259883096,8.1
Sri Lanka,LKA,2010,37.0420666842071,10.8
Lithuania,LTU,2010,6.48662800064443,2.5
Luxembourg,LUX,2010,0.778666775523533,2.5
Latvia,LVA,2010,5.73380169119277,2.5
Morocco,MAR,2010,62.2221537643126,4.5
Madagascar,MDG,2010,71.3504928653348,27.4
Mexico,MEX,2010,4.5939068644298,3.9
North Macedonia,MKD,2010,18.6511186511187,3.7
Mali,MLI,2010,65.705700043129,5.8
Malta,MLT,2010,0.252582045914572,2.5
Myanmar,MMR,2010,49.2320170441819,8.0
Montenegro,MNE,2010,4.44790995694477,2.5
Mongolia,MNG,2010,39.3341486450488,14.8
Mozambique,MOZ,2010,86.1767124655517,19.9
Mauritania,MRT,2010,36.917518855064,6.5
Mauritius,MUS,2010,6.31695739324761,6.1
Malawi,MWI,2010,72.3050622262171,13.9
Malaysia,MYS,2010,8.51138817304916,3.4
Namibia,NAM,2010,28.0357226690164,27.6
New Caledonia,NCL,2010,1.69660058417749,8.1
Niger,NER,2010,73.358238092235,14.8
Nigeria,NGA,2010,37.5882707420539,11.1
Nicaragua,NIC,2010,9.22969852826013,17.2
Norway,NOR,2010,0.977386607376194,2.5
Nepal,NPL,2010,46.931335198147,10.1
New Zealand,NZL,2010,4.40041775744499,2.5
Oman,OMN,2010,0.479096865063275,5.5
Pakistan,PAK,2010,74.6473414782601,15.4
Panama,PAN,2010,7.75251558214045,7.9
Peru,PER,2010,22.9218115486486,7.6
Philippines,PHL,2010,20.8204966553823,14.9
Papua New Guinea,PNG,2010,20.0263914042588,30.1
Poland,POL,2010,13.4797424456943,2.5
Portugal,PRT,2010,5.66627248397336,2.5
Paraguay,PRY,2010,18.2050296963907,2.5
French Polynesia,PYF,2010,1.23471589546871,4.4
Romania,ROU,2010,17.5589300082727,2.5
Russian Federation,RUS,2010,5.63956858425231,2.5
Rwanda,RWA,2010,72.7527707449573,35.3
Saudi Arabia,SAU,2010,0.640019686271632,3.1
Senegal,SEN,2010,37.6007364179519,11.1
Solomon Islands,SLB,2010,41.273225949648,15.8
Sierra Leone,SLE,2010,64.9174535055534,21.6
El Salvador,SLV,2010,5.33443967537809,9.0
Serbia,SRB,2010,28.9132874806357,2.5
Sao Tome and Principe,STP,2010,15.2452134739429,17.6
Suriname,SUR,2010,4.71300802119142,8.2
Slovenia,SVN,2010,8.81162143638485,2.5
Sweden,SWE,2010,0.962686514647895,2.5
Eswatini,SWZ,2010,12.3192346253845,24.0
Syrian Arab Republic,SYR,2010,15.6645604456089,6.3
Chad,TCD,2010,78.0672227599533,24.0
Togo,TGO,2010,33.6142952215662,20.1
Thailand,THA,2010,36.0279979864168,9.4
Tajikistan,TJK,2010,69.0255823702191,22.5
Turkmenistan,TKM,2010,30.280527953777,4.7
Timor-Leste,TLS,2010,50.8267138663443,17.6
Trinidad and Tobago,TTO,2010,2.77760918538935,7.4
Tunisia,TUN,2010,18.857910218698,3.4
Uganda,UGA,2010,64.2802951527263,17.7
Ukraine,UKR,2010,13.0995334178374,2.5
Uruguay,URY,2010,5.05367405858115,2.5
Uzbekistan,UZB,2010,23.8282350297768,2.8
Viet Nam,VNM,2010,51.1829002868241,9.3
Vanuatu,VUT,2010,62.97403419886,7.1
Samoa,WSM,2010,20.9425939050319,4.7
South Africa,ZAF,2010,3.55039016966335,5.0
Zambia,ZMB,2010,79.6151239312789,42.8
Zimbabwe,ZWE,2010,68.5864207708224,29.9
Afghanistan,AFG,2011,51.8279022776025,19.7
Angola,AGO,2011,49.5103184450258,14.0
Albania,ALB,2011,54.1734946905662,4.6
United Arab Emirates,ARE,2011,0.125151550705933,3.9
Argentina,ARG,2011,4.1004172714728,3.6
Armenia,ARM,2011,42.0696043916176,2.5
Australia,AUS,2011,2.13127333520712,2.5
Austria,AUT,2011,4.6588886463432,2.5
Azerbaijan,AZE,2011,43.687222053628,2.5
Belgium,BEL,2011,0.887207495434063,2.5
Benin,BEN,2011,36.0616205683145,9.4
Burkina Faso,BFA,2011,63.6366237602768,14.1
Bangladesh,BGD,2011,54.9058896995024,17.3
Bulgaria,BGR,2011,4.88470482195333,4.8
Bosnia and Herzegovina,BIH,2011,22.5666345177341,2.5
Belarus,BLR,2011,7.94358789893452,2.5
Belize,BLZ,2011,4.30831528392504,5.5
Brazil,BRA,2011,5.03953674291407,2.5
Barbados,BRB,2011,1.67105483434033,2.5
Botswana,BWA,2011,10.7055740043537,21.3
Central African Republic,CAF,2011,63.6035953184733,28.7
Canada,CAN,2011,1.0802413610119,2.5
Switzerland,CHE,2011,2.91441352084352,2.5
Chile,CHL,2011,3.75027214797841,3.5
China,CHN,2011,31.0327689638504,2.5
Cameroon,CMR,2011,59.4263795010012,4.1
Colombia,COL,2011,6.26362777968827,8.6
Comoros,COM,2011,44.6349186042793,15.6
Cabo Verde,CPV,2011,8.87268914381296,14.6
Costa Rica,CRI,2011,8.47672863760046,3.1
Cyprus,CYP,2011,2.34535222015548,2.5
Czechia,CZE,2011,1.8746596138416,2.5
Germany,DEU,2011,1.32380700164692,2.5
Djibouti,DJI,2011,1.32739420935412,17.4
Denmark,DNK,2011,0.860359110547386,2.5
Dominican Republic,DOM,2011,1.13980414713575,10.4
Algeria,DZA,2011,2.89402388008113,3.1
Ecuador,ECU,2011,21.1321102356519,8.5
Spain,ESP,2011,2.27154865941154,2.5
Estonia,EST,2011,2.46105253317129,2.5
Ethiopia,ETH,2011,66.3760926223891,19.8
Finland,FIN,2011,2.42419374809669,2.5
Fiji,FJI,2011,33.3827121240588,7.3
France,FRA,2011,1.90864933879861,2.5
Gabon,GAB,2011,31.5025815609965,13.0
Georgia,GEO,2011,54.6495123957232,7.8
Ghana,GHA,2011,44.1855384543278,7.7
Guinea,GIN,2011,60.4385887004908,15.5
Guinea-Bissau,GNB,2011,69.9867725377831,25.1
Greece,GRC,2011,11.7349712848744,2.5
Guatemala,GTM,2011,13.1602158551551,15.4
Guyana,GUY,2011,9.31053203040174,8.0
Honduras,HND,2011,8.97367662386623,13.0
Croatia,HRV,2011,15.3812683861257,2.5
Haiti,HTI,2011,32.4470743790257,39.8
Hungary,HUN,2011,2.69362363257819,2.5
Indonesia,IDN,2011,34.8586542976227,9.5
India,IND,2011,62.5386547196872,13.4
Ireland,IRL,2011,1.65479636378927,2.5
Iraq,IRQ,2011,16.8470767324197,14.2
Iceland,ISL,2011,1.91508581752484,2.5
Israel,ISR,2011,0.592519864047254,2.5
Italy,ITA,2011,2.63990106724069,2.5
Jamaica,JAM,2011,8.03379080656458,7.7
Jordan,JOR,2011,1.06379733707505,9.1
Kazakhstan,KAZ,2011,26.2974338697749,2.6
Kenya,KEN,2011,62.9432703888085,19.1
Cambodia,KHM,2011,57.2668714743191,8.5
Kuwait,KWT,2011,0.0986275401394875,2.5
Lebanon,LBN,2011,1.60448833305609,4.4
Liberia,LBR,2011,46.2339468671193,36.5
Libya,LBY,2011,7.21193847422559,9.0
Sri Lanka,LKA,2011,36.1434920939949,10.0
Lithuania,LTU,2011,6.4540031919548,2.5
Luxembourg,LUX,2011,0.799904131340064,2.5
Latvia,LVA,2011,5.35227413209859,2.5
Morocco,MAR,2011,61.3787193380934,4.3
Madagascar,MDG,2011,68.8650214215345,28.6
Mexico,MEX,2011,4.53579912485955,3.8
North Macedonia,MKD,2011,18.4744773826865,3.8
Mali,MLI,2011,65.8644448730874,5.4
Malta,MLT,2011,0.20567940552017,2.5
Myanmar,MMR,2011,49.9151016297336,7.4
Montenegro,MNE,2011,4.21981019237863,2.5
Mongolia,MNG,2011,39.8184329215881,13.0
Mozambique,MOZ,2011,85.490503818943,21.6
Mauritania,MRT,2011,36.266369484994,6.2
Mauritius,MUS,2011,5.2558401116469,6.5
Malawi,MWI,2011,71.9333367021214,14.2
Malaysia,MYS,2011,7.25754980163963,3.5
Namibia,NAM,2011,27.2639534567599,25.1
New Caledonia,NCL,2011,1.57516747470277,8.3
Niger,NER,2011,73.5402063844677,15.0
Nigeria,NGA,2011,36.5939914569206,11.7
Nicaragua,NIC,2011,9.30799890460365,17.0
Norway,NOR,2011,1.14524159787253,2.5
Nepal,NPL,2011,45.8342132667254,9.4
New Zealand,NZL,2011,4.63827709834402,2.5
Oman,OMN,2011,0.407433418505845,6.5
Pakistan,PAK,2011,75.1003712779303,15.0
Panama,PAN,2011,6.93161115402414,7.3
Peru,PER,2011,22.6052061505885,6.7
Philippines,PHL,2011,20.7098229392843,14.3
Papua New Guinea,PNG,2011,21.5469946129855,28.6
Poland,POL,2011,13.011707409609,2.5
Portugal,PRT,2011,4.44075246429299,2.5
Paraguay,PRY,2011,19.5635122361931,2.5
French Polynesia,PYF,2011,1.25895888344021,4.5
Romania,ROU,2011,16.6684738713959,2.5
Russian Federation,RUS,2011,5.74598428262045,2.5
Rwanda,RWA,2011,70.5462593605756,35.5
Saudi Arabia,SAU,2011,0.658025684099902,3.2
Senegal,SEN,2011,36.3690035117111,11.3
Solomon Islands,SLB,2011,41.3671970251158,17.4
Sierra Leone,SLE,2011,63.4715642046849,21.9
El Salvador,SLV,2011,6.59898017953906,9.1
Serbia,SRB,2011,27.0031802430351,2.5
Sao Tome and Principe,STP,2011,14.7888020575725,17.4
Suriname,SUR,2011,4.78986891036226,8.2
Slovenia,SVN,2011,8.18157462521404,2.5
Sweden,SWE,2011,0.901143222936492,2.5
Eswatini,SWZ,2011,12.1634161295133,20.4
Syrian Arab Republic,SYR,2011,12.6535866539216,7.5
Chad,TCD,2011,77.6248036706154,23.5
Togo,TGO,2011,31.3655930221094,19.9
Thailand,THA,2011,39.1801008116973,9.3
Tajikistan,TJK,2011,68.2172872197567,21.4
Turkmenistan,TKM,2011,29.1932595509486,4.6
Timor-Leste,TLS,2011,49.9585567248271,16.7
Trinidad and Tobago,TTO,2011,2.7956726097503,6.8
Tunisia,TUN,2011,13.8555251314176,3.2
Uganda,UGA,2011,69.0609881295474,19.6
Ukraine,UKR,2011,13.1689869428672,2.5
Uruguay,URY,2011,4.78257438244811,2.5
Uzbekistan,UZB,2011,24.2886870673087,2.5
Viet Nam,VNM,2011,50.938936556336,8.8
Vanuatu,VUT,2011,61.2299865329942,7.6
Samoa,WSM,2011,19.790796818002,4.6
South Africa,ZAF,2011,3.46430119043194,5.2
Zambia,ZMB,2011,75.9187432333227,41.1
Zimbabwe,ZWE,2011,68.4392679229027,29.6
Afghanistan,AFG,2012,49.2852172677609,19.4
Angola,AGO,2012,52.9716771825031,13.5
Albania,ALB,2012,56.7985324706465,4.6
United Arab Emirates,ARE,2012,0.124344333757343,3.5
Argentina,ARG,2012,3.99424220700286,3.2
Armenia,ARM,2012,40.9197838664281,2.5
Australia,AUS,2012,2.15951757007341,2.5
Austria,AUT,2012,4.24490764438789,2.5
Azerbaijan,AZE,2012,43.709606680508,2.5
Belgium,BEL,2012,0.694386253322141,2.5
Benin,BEN,2012,34.3397221363227,9.2
Burkina Faso,BFA,2012,62.253789695056,13.5
Bangladesh,BGD,2012,54.148549106632,16.7
Bulgaria,BGR,2012,4.40499342575604,4.2
Bosnia and Herzegovina,BIH,2012,24.2784529416285,2.5
Belarus,BLR,2012,7.63667198723065,2.5
Belize,BLZ,2012,4.4680659400054,6.0
Brazil,BRA,2012,5.05936651828426,2.5
Barbados,BRB,2012,1.59846941924335,2.5
Botswana,BWA,2012,10.6913115170791,20.8
Central African Republic,CAF,2012,63.3634283198345,30.1
Canada,CAN,2012,1.09165518068731,2.5
Switzerland,CHE,2012,2.81544413741787,2.5
Chile,CHL,2012,3.58993546268581,3.4
China,CHN,2012,29.8999555454476,2.5
Cameroon,CMR,2012,57.4399825976146,4.2
Colombia,COL,2012,6.55853973638495,7.0
Comoros,COM,2012,41.7877703438618,15.0
Cabo Verde,CPV,2012,8.78554246592241,15.3
Costa Rica,CRI,2012,7.49267354925435,2.9
Cyprus,CYP,2012,1.83711735213794,2.5
Czechia,CZE,2012,1.92700259316675,2.5
Germany,DEU,2012,1.11389131171639,2.5
Djibouti,DJI,2012,1.26310362605259,15.7
Denmark,DNK,2012,1.07281820140927,2.5
Dominican Republic,DOM,2012,0.933130980236315,9.1
Algeria,DZA,2012,2.97196787015222,2.9
Ecuador,ECU,2012,21.0197069023009,8.5
Spain,ESP,2012,2.35891112281173,2.5
Estonia,EST,2012,2.51853213056333,2.5
Ethiopia,ETH,2012,65.2135125129722,17.7
Finland,FIN,2012,2.4153899305048,2.5
Fiji,FJI,2012,35.6686292248142,7.2
France,FRA,2012,1.86706083178559,2.5
Gabon,GAB,2012,30.493451038718,13.1
Georgia,GEO,2012,53.5513227000992,7.4
Ghana,GHA,2012,42.8595729885288,8.0
Guinea,GIN,2012,57.9991153948814,14.2
Guinea-Bissau,GNB,2012,70.3870285829941,29.1
Greece,GRC,2012,12.0277785686806,2.5
Guatemala,GTM,2012,11.543987461179,15.8
Guyana,GUY,2012,8.91666942998309,6.9
Honduras,HND,2012,10.602003243041,13.7
Croatia,HRV,2012,11.7262214256224,2.5
Haiti,HTI,2012,32.2644128847155,39.0
Hungary,HUN,2012,2.84844083689094,2.5
Indonesia,IDN,2012,33.3649351377864,8.3
India,IND,2012,59.6990267304003,12.8
Ireland,IRL,2012,1.64181792072866,2.5
Iraq,IRQ,2012,16.139073776457,14.9
Iceland,ISL,2012,2.14473420615374,2.5
Israel,ISR,2012,0.570177651675406,2.5
Italy,ITA,2012,2.58040278011211,2.5
Jamaica,JAM,2012,7.92902325149148,7.7
Jordan,JOR,2012,1.02847104202868,8.2
Kazakhstan,KAZ,2012,25.0391286104172,2.5
Kenya,KEN,2012,62.0224470798606,18.9
Cambodia,KHM,2012,54.2874529521509,8.4
Kuwait,KWT,2012,0.109365381972043,2.5
Lebanon,LBN,2012,1.5817551730584,4.8
Liberia,LBR,2012,45.0828949554239,36.4
Libya,LBY,2012,7.32951676970118,9.8
Sri Lanka,LKA,2012,33.8464249046076,8.8
Lithuania,LTU,2012,6.34108503551385,2.5
Luxembourg,LUX,2012,0.947876159138498,2.5
Latvia,LVA,2012,4.85564245810056,2.5
Morocco,MAR,2012,60.2148784364609,4.1
Madagascar,MDG,2012,65.9427655512733,30.1
Mexico,MEX,2012,4.76897684426952,3.7
North Macedonia,MKD,2012,17.5238430519106,3.8
Mali,MLI,2012,66.4295597606844,5.2
Malta,MLT,2012,0.373309862360957,2.5
Myanmar,MMR,2012,50.2040400862428,6.4
Montenegro,MNE,2012,4.95540031073109,2.5
Mongolia,MNG,2012,37.4896858857705,11.9
Mozambique,MOZ,2012,84.6583708688357,26.4
Mauritania,MRT,2012,35.5097863327235,6.1
Mauritius,MUS,2012,5.31212914842247,6.7
Malawi,MWI,2012,71.9601655465218,14.9
Malaysia,MYS,2012,8.57214958249312,3.7
Namibia,NAM,2012,26.5962739257719,23.3
New Caledonia,NCL,2012,1.46051314265523,8.2
Niger,NER,2012,72.7488692918886,14.5
Nigeria,NGA,2012,34.7782903175651,11.4
Nicaragua,NIC,2012,9.38353631017621,17.3
Norway,NOR,2012,0.842221477436272,2.5
Nepal,NPL,2012,44.5769153362633,8.7
New Zealand,NZL,2012,4.49028974602177,2.5
Oman,OMN,2012,0.345993981525742,6.9
Pakistan,PAK,2012,75.1435021369488,14.7
Panama,PAN,2012,8.48590024465037,7.1
Peru,PER,2012,21.993123215174,5.6
Philippines,PHL,2012,20.3856587522956,13.7
Papua New Guinea,PNG,2012,22.938367907323,27.3
Poland,POL,2012,12.4637052411709,2.5
Portugal,PRT,2012,4.54311583216595,2.5
Paraguay,PRY,2012,22.3814287138288,2.5
French Polynesia,PYF,2012,1.23177185643965,4.7
Romania,ROU,2012,16.6025226836884,2.5
Russian Federation,RUS,2012,5.47712489870265,2.5
Rwanda,RWA,2012,68.2598533443921,35.7
Saudi Arabia,SAU,2012,0.668507236959711,2.8
Sudan,SDN,2012,55.8629990186694,8.7
Senegal,SEN,2012,34.7076920640326,11.2
Solomon Islands,SLB,2012,42.0819967996259,18.8
Sierra Leone,SLE,2012,60.8706973792279,23.2
El Salvador,SLV,2012,5.06132556445739,9.2
Serbia,SRB,2012,26.6855518657109,2.5
Sao Tome and Principe,STP,2012,14.213343528962,17.4
Suriname,SUR,2012,5.05751905751906,7.8
Slovenia,SVN,2012,8.07011331444759,2.5
Sweden,SWE,2012,0.994300831285807,2.5
Eswatini,SWZ,2012,12.0021980863719,17.5
Syrian Arab Republic,SYR,2012,11.6927602396253,8.7
Chad,TCD,2012,76.9499121560377,23.8
Togo,TGO,2012,30.7607043212337,19.6
Thailand,THA,2012,40.3451303972334,8.7
Tajikistan,TJK,2012,67.5105837789661,20.3
Turkmenistan,TKM,2012,28.1901458756521,4.1
Timor-Leste,TLS,2012,49.7125251445013,15.4
Trinidad and Tobago,TTO,2012,1.99240691199424,6.7
Tunisia,TUN,2012,14.4158344946241,3.1
Uganda,UGA,2012,68.8661787900872,21.3
Ukraine,UKR,2012,12.7379811942926,2.5
Uruguay,URY,2012,3.99985867721877,2.5
Uzbekistan,UZB,2012,23.7744311413423,2.5
Viet Nam,VNM,2012,49.5100958909496,8.4
Vanuatu,VUT,2012,59.5870206489675,7.6
Samoa,WSM,2012,19.976540647839,4.2
South Africa,ZAF,2012,3.59019267069045,5.6
Zambia,ZMB,2012,71.3505149901189,39.1
Zimbabwe,ZWE,2012,67.9637770512018,31.1
Afghanistan,AFG,2013,48.2160966738469,19.3
Angola,AGO,2013,56.4043448535894,13.2
Albania,ALB,2013,52.5963705268005,4.6
United Arab Emirates,ARE,2013,0.122309708401787,3.5
Argentina,ARG,2013,3.88455415010314,2.9
Armenia,ARM,2013,40.7373387769927,2.5
Australia,AUS,2013,1.88242000410032,2.5
Austria,AUT,2013,4.18678064257231,2.5
Azerbaijan,AZE,2013,43.3261326047496,2.5
Belgium,BEL,2013,0.841316294064553,2.5
Benin,BEN,2013,32.409197156403,9.2
Burkina Faso,BFA,2013,60.9406215213119,13.4
Bangladesh,BGD,2013,53.4719417454072,15.6
Bulgaria,BGR,2013,4.22486955858293,4.2
Bosnia and Herzegovina,BIH,2013,20.7391563933157,2.5
Belarus,BLR,2013,7.39441475927014,2.5
Belize,BLZ,2013,4.66630727762803,6.4
Brazil,BRA,2013,5.11106407879791,2.5
Barbados,BRB,2013,1.65949049156799,2.5
Botswana,BWA,2013,10.0722552592877,20.1
Central African Republic,CAF,2013,66.7482736327506,30.9
Canada,CAN,2013,1.1134745186284,2.5
Switzerland,CHE,2013,2.78122517506629,2.5
Chile,CHL,2013,3.44202655108341,3.3
China,CHN,2013,27.4619519699988,2.5
Cameroon,CMR,2013,55.3400297341188,4.5
Colombia,COL,2013,6.10918384822764,5.8
Comoros,COM,2013,38.7909739797233,14.5
Cabo Verde,CPV,2013,8.67772639408843,16.3
Costa Rica,CRI,2013,7.51289647940497,2.7
Cyprus,CYP,2013,1.66794895382094,2.5
Czechia,CZE,2013,2.06693010030958,2.5
Germany,DEU,2013,1.01583618783883,2.5
Djibouti,DJI,2013,1.21228895654581,14.1
Denmark,DNK,2013,1.00636142257292,2.5
Dominican Republic,DOM,2013,0.900156262850563,8.4
Algeria,DZA,2013,3.0196962962393,2.7
Ecuador,ECU,2013,20.7641158805974,8.5
Spain,ESP,2013,2.3186995999746,2.5
Estonia,EST,2013,2.26137062278441,2.5
Ethiopia,ETH,2013,63.5975372594319,15.2
Finland,FIN,2013,2.18752924504338,2.5
Fiji,FJI,2013,37.6460271465609,7.0
France,FRA,2013,1.85605504050633,2.5
Gabon,GAB,2013,29.4224419589607,13.3
Georgia,GEO,2013,53.0143204500439,6.6
Ghana,GHA,2013,41.4151169119938,8.7
Guinea,GIN,2013,55.8299835751734,13.6
Guinea-Bissau,GNB,2013,70.2313422510904,30.1
Greece,GRC,2013,12.6277458824843,2.5
Guatemala,GTM,2013,11.1288309230948,15.9
Guyana,GUY,2013,8.87270301674054,5.7
Honduras,HND,2013,9.51804359917719,14.2
Croatia,HRV,2013,9.44879195578132,2.5
Haiti,HTI,2013,31.7750336363414,37.8
Hungary,HUN,2013,2.65212642919713,2.5
Indonesia,IDN,2013,32.4790176436325,7.8
India,IND,2013,58.4281217789907,12.6
Ireland,IRL,2013,1.69540062732955,2.5
Iraq,IRQ,2013,15.5633920240676,15.3
Iceland,ISL,2013,2.44629659475514,2.5
Israel,ISR,2013,0.673550215743588,2.5
Italy,ITA,2013,2.4346652912993,2.5
Jamaica,JAM,2013,8.12536689716929,7.5
Jordan,JOR,2013,0.989727285798731,7.6
Kazakhstan,KAZ,2013,23.2791370375965,2.5
Kenya,KEN,2013,61.1626939074672,19.0
Cambodia,KHM,2013,50.9177515921694,8.1
Kuwait,KWT,2013,0.120450010386908,2.5
Lebanon,LBN,2013,1.59233086685272,5.3
Liberia,LBR,2013,43.3187402694838,36.6
Libya,LBY,2013,7.5157889252366,10.2
Sri Lanka,LKA,2013,32.8112771393578,6.1
Lithuania,LTU,2013,6.09553105155494,2.5
Luxembourg,LUX,2013,0.877948642753716,2.5
Latvia,LVA,2013,4.90501404869478,2.5
Morocco,MAR,2013,58.0686836244147,3.9
Madagascar,MDG,2013,68.9836306187218,32.1
Mexico,MEX,2013,4.5645053555802,3.7
North Macedonia,MKD,2013,20.2898939739632,3.6
Mali,MLI,2013,66.5551785757633,5.0
Malta,MLT,2013,0.47534586732884,2.5
Myanmar,MMR,2013,50.1958982765769,5.5
Montenegro,MNE,2013,2.58201215941396,2.5
Mongolia,MNG,2013,35.3450233142879,10.6
Mozambique,MOZ,2013,83.9495423870395,32.6
Mauritania,MRT,2013,34.8718521112937,6.3
Mauritius,MUS,2013,4.67213749322598,6.8
Malawi,MWI,2013,71.5759496633395,15.5
Malaysia,MYS,2013,8.08823455576957,3.8
Namibia,NAM,2013,30.8298665591847,22.5
New Caledonia,NCL,2013,1.35739656330997,7.9
Niger,NER,2013,73.3609221792925,13.7
Nigeria,NGA,2013,32.7417483231755,11.1
Nicaragua,NIC,2013,9.38037623036354,17.7
Norway,NOR,2013,1.04445634708088,2.5
Nepal,NPL,2013,43.4730409098908,8.2
New Zealand,NZL,2013,4.24681933842239,2.5
Oman,OMN,2013,0.303667763715943,6.8
Pakistan,PAK,2013,75.0085917998609,14.2
Panama,PAN,2013,9.20801055763188,7.1
Peru,PER,2013,22.0951546731804,5.3
Philippines,PHL,2013,19.5487807852115,12.9
Papua New Guinea,PNG,2013,24.4415780687689,27.6
Poland,POL,2013,11.6625216639889,2.5
Portugal,PRT,2013,3.98687501665874,2.5
Paraguay,PRY,2013,16.0812611326303,2.5
French Polynesia,PYF,2013,1.19936947433349,5.0
Romania,ROU,2013,16.1461162333014,2.5
Russian Federation,RUS,2013,5.47685933569845,2.5
Rwanda,RWA,2013,67.5965362035829,37.1
Saudi Arabia,SAU,2013,0.674390278865744,2.7
Sudan,SDN,2013,54.6282324782767,8.4
Senegal,SEN,2013,33.1358328459978,11.1
Solomon Islands,SLB,2013,42.4697886785571,19.0
Sierra Leone,SLE,2013,57.9602872085808,23.2
El Salvador,SLV,2013,4.51699543125995,9.4
Serbia,SRB,2013,26.1996987104511,2.5
Sao Tome and Principe,STP,2013,13.6271623113728,18.1
Suriname,SUR,2013,5.25152599452747,8.0
Slovenia,SVN,2013,8.44620529822174,2.5
Sweden,SWE,2013,0.97732867091389,2.5
Eswatini,SWZ,2013,11.8187932739862,16.2
Syrian Arab Republic,SYR,2013,10.6962678082149,9.7
Chad,TCD,2013,76.0289004418261,25.2
Togo,TGO,2013,30.1617545569475,20.0
Thailand,THA,2013,36.9530047207548,8.2
Tajikistan,TJK,2013,66.6352022784761,18.5
Turkmenistan,TKM,2013,27.2676733069508,3.6
Timor-Leste,TLS,2013,49.3779885417643,14.8
Trinidad and Tobago,TTO,2013,1.82255915709175,6.7
Tunisia,TUN,2013,10.887036139747,2.9
Uganda,UGA,2013,75.0290399883543,23.8
Ukraine,UKR,2013,12.7966994352797,2.5
Uruguay,URY,2013,4.25272292418255,2.5
Uzbekistan,UZB,2013,24.5558996373651,2.5
Viet Nam,VNM,2013,48.7857882838552,8.3
Vanuatu,VUT,2013,57.8503176989863,7.4
Samoa,WSM,2013,19.9421579532814,4.4
South Africa,ZAF,2013,3.51742839453857,6.4
Zambia,ZMB,2013,70.7705763125536,37.3
Zimbabwe,ZWE,2013,68.7761776581971,33.4
Afghanistan,AFG,2014,46.5766389074044,19.9
Angola,AGO,2014,59.7465872082276,14.2
Albania,ALB,2014,49.3629397516591,4.5
United Arab Emirates,ARE,2014,0.119922202753747,3.6
Argentina,ARG,2014,3.84287481713665,2.9
Armenia,ARM,2014,40.4777810768013,2.5
Australia,AUS,2014,1.82967249030953,2.5
Austria,AUT,2014,4.56996577078654,2.5
Azerbaijan,AZE,2014,42.4726873956826,2.5
Belgium,BEL,2014,0.838818583771357,2.5
Benin,BEN,2014,32.4912919094476,9.1
Burkina Faso,BFA,2014,59.8506137876978,13.6
Bangladesh,BGD,2014,56.9949193825216,15.2
Bulgaria,BGR,2014,5.04021950000393,4.1
Bosnia and Herzegovina,BIH,2014,18.9387270409801,2.5
Belarus,BLR,2014,7.09495802502249,2.5
Belize,BLZ,2014,4.82070965184922,6.5
Brazil,BRA,2014,4.69342764525696,2.5
Barbados,BRB,2014,1.62802773450625,2.5
Botswana,BWA,2014,9.66355151926241,20.3
Central African Republic,CAF,2014,66.8355566873229,28.6
Canada,CAN,2014,1.06908900502035,2.5
Switzerland,CHE,2014,2.694278604942,2.5
Chile,CHL,2014,3.27461111539099,3.3
China,CHN,2014,25.4002396087542,2.5
Cameroon,CMR,2014,53.302333039365,4.8
Colombia,COL,2014,5.90873619474174,5.0
Comoros,COM,2014,36.0406392085425,14.0
Cabo Verde,CPV,2014,8.53430024578395,16.6
Costa Rica,CRI,2014,9.15107920361494,2.5
Cyprus,CYP,2014,2.04445970988562,2.5
Czechia,CZE,2014,1.63579774999965,2.5
Germany,DEU,2014,1.03394894777773,2.5
Djibouti,DJI,2014,1.1577849675125,13.1
Denmark,DNK,2014,0.869967084906306,2.5
Dominican Republic,DOM,2014,1.34471373972332,7.4
Algeria,DZA,2014,3.04257971955115,2.6
Ecuador,ECU,2014,20.1654493191611,8.8
Spain,ESP,2014,2.22470022126227,2.5
Estonia,EST,2014,2.23582917068134,2.5
Ethiopia,ETH,2014,61.7031784238185,13.6
Finland,FIN,2014,2.20136358135094,2.5
Fiji,FJI,2014,39.9552537582918,7.2
France,FRA,2014,1.66226213675114,2.5
Gabon,GAB,2014,28.5510377499958,14.1
Georgia,GEO,2014,51.7428770689202,6.5
Ghana,GHA,2014,41.0280344451069,9.4
Guinea,GIN,2014,53.4697659125854,13.6
Guinea-Bissau,GNB,2014,70.326233104522,28.0
Greece,GRC,2014,12.2582850779206,2.5
Guatemala,GTM,2014,11.010268409733,15.4
Guyana,GUY,2014,8.853762403239,4.4
Honduras,HND,2014,8.77774189917236,14.2
Croatia,HRV,2014,7.83056098809048,2.5
Haiti,HTI,2014,31.5135756066301,37.9
Hungary,HUN,2014,2.67306619397205,2.5
Indonesia,IDN,2014,31.9512469766142,7.1
India,IND,2014,56.9909096196722,12.1
Ireland,IRL,2014,1.73925816791416,2.5
Iraq,IRQ,2014,15.3176132681715,15.7
Iceland,ISL,2014,1.98648784914793,2.5
Israel,ISR,2014,0.589692230958629,2.5
Italy,ITA,2014,2.40917452541085,2.5
Jamaica,JAM,2014,8.01057881040391,8.0
Jordan,JOR,2014,0.977643046608564,7.4
Kazakhstan,KAZ,2014,21.1136188278795,2.5
Kenya,KEN,2014,60.1496651425296,20.8
Cambodia,KHM,2014,47.3218723257498,7.5
Kuwait,KWT,2014,0.131519552387693,2.5
Lebanon,LBN,2014,1.62170303292731,5.6
Liberia,LBR,2014,43.122904262964,35.7
Libya,LBY,2014,7.62044553144085,10.7
Sri Lanka,LKA,2014,31.3348224437382,4.5
Lithuania,LTU,2014,6.73943473210829,2.5
Luxembourg,LUX,2014,0.950179312284649,2.5
Latvia,LVA,2014,4.47187013564599,2.5
Morocco,MAR,2014,55.6179868141362,3.7
Madagascar,MDG,2014,71.3039062272945,33.3
Mexico,MEX,2014,4.3689725852879,3.7
North Macedonia,MKD,2014,18.5242863594599,3.5
Mali,MLI,2014,66.0612896234436,4.9
Malta,MLT,2014,0.487479131886477,2.5
Myanmar,MMR,2014,50.2369997509267,4.5
Montenegro,MNE,2014,4.60320178929446,2.5
Mongolia,MNG,2014,33.217314029696,8.9
Mozambique,MOZ,2014,83.1035480426584,39.9
Mauritania,MRT,2014,34.0490716828497,6.5
Mauritius,MUS,2014,4.75345731998093,7.1
Malawi,MWI,2014,71.0032231289904,16.3
Malaysia,MYS,2014,7.97705040128995,3.7
Namibia,NAM,2014,30.2897298410864,21.7
New Caledonia,NCL,2014,1.2625786756115,7.8
Niger,NER,2014,73.9739533123377,12.7
Nigeria,NGA,2014,31.7464479589018,10.7
Nicaragua,NIC,2014,9.27715949581679,17.2
Norway,NOR,2014,0.977633393320401,2.5
Nepal,NPL,2014,41.925549756301,7.1
New Zealand,NZL,2014,3.94386745570763,2.5
Oman,OMN,2014,0.270974507582883,7.2
Pakistan,PAK,2014,73.0554616217706,13.3
Panama,PAN,2014,8.37395292141429,7.0
Peru,PER,2014,22.280988556592,5.7
Philippines,PHL,2014,19.6074121914895,11.4
Papua New Guinea,PNG,2014,25.3069542775628,27.8
Poland,POL,2014,10.9160976935313,2.5
Portugal,PRT,2014,3.1040543960478,2.5
Paraguay,PRY,2014,16.1724709287911,2.5
French Polynesia,PYF,2014,1.16402355117417,5.4
Romania,ROU,2014,15.4026480065019,2.5
Russian Federation,RUS,2014,5.20050243183097,2.5
Rwanda,RWA,2014,66.8686054227095,35.8
Saudi Arabia,SAU,2014,0.684657321291694,2.5
Sudan,SDN,2014,53.4915542989706,8.9
Senegal,SEN,2014,30.605742935278,10.0
Solomon Islands,SLB,2014,42.6069383630852,18.7
Sierra Leone,SLE,2014,56.0500808790259,24.1
El Salvador,SLV,2014,4.07517302059488,9.1
Serbia,SRB,2014,25.8339578151891,2.5
Sao Tome and Principe,STP,2014,13.0688861342306,18.5
Suriname,SUR,2014,5.40734844789072,8.6
Slovenia,SVN,2014,9.92639598150231,2.5
Sweden,SWE,2014,0.911077097566135,2.5
Eswatini,SWZ,2014,11.6295464228996,16.2
Syrian Arab Republic,SYR,2014,9.72992015849707,11.5
Chad,TCD,2014,75.1942659522234,25.9
Togo,TGO,2014,29.708070691282,20.1
Thailand,THA,2014,31.1855447808113,7.8
Tajikistan,TJK,2014,65.9367888975833,16.1
Turkmenistan,TKM,2014,26.3700826930317,3.4
Timor-Leste,TLS,2014,48.9935099071888,14.9
Trinidad and Tobago,TTO,2014,1.81355572363096,7.0
Tunisia,TUN,2014,10.1714254292509,2.8
Uganda,UGA,2014,76.7704513246669,30.6
Ukraine,UKR,2014,12.8718332056663,2.5
Uruguay,URY,2014,4.15355429701496,2.5
Uzbekistan,UZB,2014,25.0850097575562,2.5
Viet Nam,VNM,2014,48.1318060396858,8.0
Vanuatu,VUT,2014,55.9567997317943,7.4
Samoa,WSM,2014,19.4170916124494,4.6
South Africa,ZAF,2014,3.22134804573027,6.6
Zambia,ZMB,2014,69.8416112641154,35.1
Zimbabwe,ZWE,2014,69.1501833020852,34.3
Afghanistan,AFG,2015,46.9227364517276,20.4
Angola,AGO,2015,59.4366255673819,15.2
Albania,ALB,2015,47.3498663035986,4.4
United Arab Emirates,ARE,2015,0.11708442039007,3.5
Argentina,ARG,2015,3.73570176225836,3.2
Armenia,ARM,2015,40.0086359759184,2.5
Australia,AUS,2015,1.8521887942852,2.5
Austria,AUT,2015,4.21088829510302,2.5
Azerbaijan,AZE,2015,41.8869807851736,2.5
Belgium,BEL,2015,0.729346446625807,2.5
Benin,BEN,2015,33.4436795701576,9.7
Burkina Faso,BFA,2015,58.7527696658175,14.0
Bangladesh,BGD,2015,60.122727553489,14.4
Bulgaria,BGR,2015,4.21775541341922,4.2
Bosnia and Herzegovina,BIH,2015,18.2737113771597,2.5
Belarus,BLR,2015,6.72199432957951,2.5
Belize,BLZ,2015,4.53175106092901,6.1
Brazil,BRA,2015,4.5985625370515,2.5
Barbados,BRB,2015,1.60148196838866,2.5
Botswana,BWA,2015,9.79861171152255,20.9
Central African Republic,CAF,2015,66.4093829559912,26.7
Canada,CAN,2015,1.03401553035445,2.5
Switzerland,CHE,2015,2.78524553321654,2.5
Chile,CHL,2015,3.23348858917908,3.3
China,CHN,2015,24.1520090306192,2.5
Cameroon,CMR,2015,51.8531127493953,5.4
Colombia,COL,2015,6.18416201418965,4.4
Comoros,COM,2015,36.273212263443,13.5
Cabo Verde,CPV,2015,8.36353938100838,16.5
Costa Rica,CRI,2015,9.23269974540099,2.5
Cyprus,CYP,2015,2.05452174388368,2.5
Czechia,CZE,2015,1.63535453414564,2.5
Germany,DEU,2015,0.969383390601599,2.5
Djibouti,DJI,2015,1.09926887035321,12.7
Denmark,DNK,2015,0.999836221504117,2.5
Dominican Republic,DOM,2015,1.31917455458305,6.7
Algeria,DZA,2015,2.98217702785368,2.6
Ecuador,ECU,2015,22.648279319983,9.5
Spain,ESP,2015,2.05988236238887,2.5
Estonia,EST,2015,2.55880238290879,2.5
Ethiopia,ETH,2015,59.5948856275591,13.0
Finland,FIN,2015,2.4048744282502,2.5
Fiji,FJI,2015,39.3804519094881,7.5
France,FRA,2015,1.6549639404423,2.5
Gabon,GAB,2015,27.767796328376,15.3
Georgia,GEO,2015,49.8482916318544,6.6
Ghana,GHA,2015,40.5875596526069,9.5
Guinea,GIN,2015,53.2449915729406,14.0
Guinea-Bissau,GNB,2015,70.2082396900938,19.8
Greece,GRC,2015,11.7244051206315,2.5
Guatemala,GTM,2015,9.67454095343589,14.6
Guyana,GUY,2015,8.88474808800795,3.4
Honduras,HND,2015,7.40698860517655,13.7
Croatia,HRV,2015,7.30598455598456,2.5
Haiti,HTI,2015,31.254708029927,38.7
Hungary,HUN,2015,2.68412376860131,2.5
Indonesia,IDN,2015,31.2110620780829,6.6
India,IND,2015,55.6916010791532,11.6
Ireland,IRL,2015,1.6046585971743,2.5
Iraq,IRQ,2015,15.1423406311573,16.1
Iceland,ISL,2015,1.74260261932922,2.5
Israel,ISR,2015,0.603030977162388,2.5
Italy,ITA,2015,2.43829645554118,2.5
Jamaica,JAM,2015,8.0783596283721,7.6
Jordan,JOR,2015,0.980949489337786,8.0
Kazakhstan,KAZ,2015,17.13823924465,2.5
Kenya,KEN,2015,59.2323688710785,22.2
Cambodia,KHM,2015,44.6238836379989,6.8
Kuwait,KWT,2015,0.143815488999361,2.5
Lebanon,LBN,2015,1.62078645101854,5.7
Liberia,LBR,2015,42.97652142225,35.1
Libya,LBY,2015,7.38643585359959,11.0
Sri Lanka,LKA,2015,32.3283316437587,4.1
Lithuania,LTU,2015,6.62704282844799,2.5
Luxembourg,LUX,2015,0.722389055722389,2.5
Latvia,LVA,2015,5.04264646920537,2.5
Morocco,MAR,2015,53.6732096077925,3.7
Madagascar,MDG,2015,73.151317935634,35.0
Mexico,MEX,2015,4.31164537260936,3.7
North Macedonia,MKD,2015,17.4715753022433,3.2
Mali,MLI,2015,61.8992921763885,4.5
Malta,MLT,2015,0.37326880502497,2.5
Myanmar,MMR,2015,49.932514512204,3.8
Montenegro,MNE,2015,8.16752904422532,2.5
Mongolia,MNG,2015,34.0670167825291,8.1
Mozambique,MOZ,2015,82.0275460451014,41.6
Mauritania,MRT,2015,33.2656783906688,6.7
Mauritius,MUS,2015,4.71606603416261,7.2
Malawi,MWI,2015,70.8958459135356,16.7
Malaysia,MYS,2015,7.82910221892255,3.3
Namibia,NAM,2015,23.6323953089078,20.6
New Caledonia,NCL,2015,1.17030469248976,7.6
Niger,NER,2015,74.5896264231426,12.0
Nigeria,NGA,2015,31.1403789085811,10.8
Nicaragua,NIC,2015,9.23295714457074,16.3
Norway,NOR,2015,0.900064290306451,2.5
Nepal,NPL,2015,40.7884718638845,5.9
New Zealand,NZL,2015,3.95504315054747,2.5
Oman,OMN,2015,0.240806435684931,7.2
Pakistan,PAK,2015,71.919525492261,11.5
Panama,PAN,2015,8.09315487833782,6.7
Peru,PER,2015,22.7727237582953,6.2
Philippines,PHL,2015,18.3709342960677,9.7
Papua New Guinea,PNG,2015,26.6969833978091,28.2
Poland,POL,2015,10.3715453705212,2.5
Portugal,PRT,2015,2.65601078887316,2.5
Paraguay,PRY,2015,14.0578877808911,2.6
French Polynesia,PYF,2015,1.12809558774448,5.9
Romania,ROU,2015,12.9134763948498,2.5
Russian Federation,RUS,2015,5.1741099585128,2.5
Rwanda,RWA,2015,65.4388726150318,33.7
Saudi Arabia,SAU,2015,0.700253475034513,2.5
Sudan,SDN,2015,52.2191211812724,9.8
Senegal,SEN,2015,28.4152973028721,8.9
Solomon Islands,SLB,2015,42.4158121178792,18.0
Sierra Leone,SLE,2015,55.6661273119091,24.5
El Salvador,SLV,2015,3.85514672263817,8.4
Serbia,SRB,2015,23.9739828634774,2.5
Sao Tome and Principe,STP,2015,12.8974511976814,18.3
Suriname,SUR,2015,5.54953178905865,9.3
Slovenia,SVN,2015,7.3319084406978,2.5
Sweden,SWE,2015,1.0217556665907,2.5
Eswatini,SWZ,2015,11.5266642371234,16.3
Syrian Arab Republic,SYR,2015,9.27556724520671,14.2
Chad,TCD,2015,74.365026632356,26.1
Togo,TGO,2015,29.2176463682669,20.6
Thailand,THA,2015,29.8487176742294,7.9
Tajikistan,TJK,2015,65.1490130364568,13.9
Turkmenistan,TKM,2015,25.6864141612183,3.4
Timor-Leste,TLS,2015,48.7012836928937,15.4
Trinidad and Tobago,TTO,2015,1.97784355179704,7.0
Tunisia,TUN,2015,9.70645072444792,2.8
Uganda,UGA,2015,76.7375651862994,35.4
Ukraine,UKR,2015,13.009961342973,2.5
Uruguay,URY,2015,4.42110789496587,2.5
Uzbekistan,UZB,2015,25.1708106352111,2.5
Viet Nam,VNM,2015,45.4624541841593,7.7
Vanuatu,VUT,2015,53.937073020826,7.4
Samoa,WSM,2015,18.8218644967274,5.1
South Africa,ZAF,2015,4.25438965058057,6.4
Zambia,ZMB,2015,68.6220866964333,33.4
Zimbabwe,ZWE,2015,68.7853318683731,32.8
Afghanistan,AFG,2016,47.4766914565572,21.3
Angola,AGO,2016,59.4220093842132,15.4
Albania,ALB,2016,44.857341223923,4.3
United Arab Emirates,ARE,2016,0.114570191885468,3.4
Argentina,ARG,2016,3.6553651699508,3.5
Armenia,ARM,2016,36.8732183462779,2.5
Australia,AUS,2016,1.6834121958063,2.5
Austria,AUT,2016,3.92866160923074,2.5
Azerbaijan,AZE,2016,41.936707870779,2.5
Belgium,BEL,2016,0.754973332173692,2.5
Benin,BEN,2016,34.0747062013498,10.5
Burkina Faso,BFA,2016,57.3202259539882,14.0
Bangladesh,BGD,2016,63.0872996124255,13.4
Bulgaria,BGR,2016,4.44945806557389,3.4
Bosnia and Herzegovina,BIH,2016,19.268279077551,2.5
Belarus,BLR,2016,6.65896523738894,2.5
Belize,BLZ,2016,4.5548502753032,5.8
Brazil,BRA,2016,4.58172287612681,2.5
Barbados,BRB,2016,1.86192774608747,2.5
Botswana,BWA,2016,9.32829374304758,22.1
Central African Republic,CAF,2016,66.1067469845062,25.3
Canada,CAN,2016,1.12927978334472,2.5
Switzerland,CHE,2016,2.75773815023561,2.5
Chile,CHL,2016,3.60737561960712,3.1
China,CHN,2016,23.3531664837206,2.5
Cameroon,CMR,2016,50.393220945983,6.0
Colombia,COL,2016,6.18932820090885,4.2
Comoros,COM,2016,35.8940714853459,13.1
Cabo Verde,CPV,2016,8.10889292196007,15.5
Costa Rica,CRI,2016,9.13028230755743,2.5
Cyprus,CYP,2016,1.62189714443393,2.5
Czechia,CZE,2016,1.71809866773591,2.5
Germany,DEU,2016,0.901142710164774,2.5
Djibouti,DJI,2016,1.04783373380564,12.6
Denmark,DNK,2016,0.911975506548511,2.5
Dominican Republic,DOM,2016,1.01893647373603,5.9
Algeria,DZA,2016,2.9726616459385,2.5
Ecuador,ECU,2016,23.9047526181831,10.4
Spain,ESP,2016,2.23053066296715,2.5
Estonia,EST,2016,1.95109385286176,2.5
Ethiopia,ETH,2016,57.7782118676973,14.1
Finland,FIN,2016,2.10783318100267,2.5
Fiji,FJI,2016,38.6711478364878,7.3
France,FRA,2016,1.64234219438565,2.5
Gabon,GAB,2016,27.1845115319708,16.4
Georgia,GEO,2016,48.4670509057907,6.4
Ghana,GHA,2016,39.9499571076416,8.8
Guinea,GIN,2016,51.5714984348056,14.0
Guinea-Bissau,GNB,2016,69.8680347024788,13.6
Greece,GRC,2016,11.0613334240629,2.5
Guatemala,GTM,2016,9.18085230289977,14.3
Guyana,GUY,2016,9.01211267886922,3.1
Honduras,HND,2016,7.81944894099204,13.2
Croatia,HRV,2016,5.37835427712372,2.5
Haiti,HTI,2016,30.9810633787678,40.3
Hungary,HUN,2016,2.88399555302273,2.5
Indonesia,IDN,2016,28.7216196066869,6.0
India,IND,2016,54.0977447599498,10.6
Ireland,IRL,2016,1.53752410036366,2.5
Iraq,IRQ,2016,14.3576477386622,16.0
Iceland,ISL,2016,2.17480899090131,2.5
Israel,ISR,2016,0.555696890502677,2.5
Italy,ITA,2016,2.5178939937549,2.5
Jamaica,JAM,2016,8.74378787905709,7.3
Jordan,JOR,2016,0.979697429840841,9.2
Kazakhstan,KAZ,2016,15.1638152711648,2.5
Kenya,KEN,2016,58.3102445716002,23.6
Cambodia,KHM,2016,40.379023623042,6.3
Kuwait,KWT,2016,0.155392069536628,2.5
Lebanon,LBN,2016,1.58743027630043,5.5
Liberia,LBR,2016,43.6651422038016,34.9
Libya,LBY,2016,7.30368102999416,11.4
Sri Lanka,LKA,2016,30.4155746542044,5.0
Lithuania,LTU,2016,5.54088686925247,2.5
Luxembourg,LUX,2016,0.84843810258388,2.5
Latvia,LVA,2016,5.05734754529846,2.5
Morocco,MAR,2016,51.3281757154095,3.5
Madagascar,MDG,2016,72.2685231790302,36.0
Mexico,MEX,2016,4.27904044714315,3.7
North Macedonia,MKD,2016,15.5697095673068,2.9
Mali,MLI,2016,63.1879922081393,4.6
Malta,MLT,2016,0.232378001549187,2.5
Myanmar,MMR,2016,48.2232762570747,3.5
Montenegro,MNE,2016,7.41962891975736,2.5
Mongolia,MNG,2016,34.9778871632389,6.8
Mozambique,MOZ,2016,81.6558214547566,38.3
Mauritania,MRT,2016,33.0748918276993,6.6
Mauritius,MUS,2016,5.01053321473714,7.3
Malawi,MWI,2016,70.7941317758415,17.6
Malaysia,MYS,2016,6.75653354416912,3.1
Namibia,NAM,2016,17.8982118458145,20.0
New Caledonia,NCL,2016,1.08558397255885,7.4
Niger,NER,2016,75.1110530359324,11.1
Nigeria,NGA,2016,30.9791188946636,11.5
Nicaragua,NIC,2016,9.15740705422558,15.6
Norway,NOR,2016,0.888981793807133,2.5
Nepal,NPL,2016,40.287370225401,4.9
New Zealand,NZL,2016,4.4054416496014,2.5
Oman,OMN,2016,0.212822174043657,7.0
Pakistan,PAK,2016,72.9971605135292,11.7
Panama,PAN,2016,9.12768156250217,5.8
Peru,PER,2016,22.9367056402155,6.5
Philippines,PHL,2016,17.4536608992396,7.8
Papua New Guinea,PNG,2016,28.2140822468599,28.3
Poland,POL,2016,9.40954487610511,2.5
Portugal,PRT,2016,2.34605502365508,2.5
Paraguay,PRY,2016,14.8033959820331,2.6
French Polynesia,PYF,2016,1.09017526157626,6.4
Romania,ROU,2016,11.024611809747,2.5
Russian Federation,RUS,2016,5.05405791726035,2.5
Rwanda,RWA,2016,64.6974416149865,31.9
Saudi Arabia,SAU,2016,0.724827428257676,2.5
Sudan,SDN,2016,50.3801027423192,10.3
Senegal,SEN,2016,32.5571152368608,8.0
Solomon Islands,SLB,2016,41.9812730351629,17.9
Sierra Leone,SLE,2016,51.9440623937398,26.0
El Salvador,SLV,2016,4.02616521697306,7.6
Serbia,SRB,2016,23.7935080427358,2.5
Sao Tome and Principe,STP,2016,12.3712183156173,17.9
Suriname,SUR,2016,5.66225754789726,9.3
Slovenia,SVN,2016,4.3161323827959,2.5
Sweden,SWE,2016,1.002921823816,2.5
Eswatini,SWZ,2016,11.2795849753969,15.0
Syrian Arab Republic,SYR,2016,8.73391606493295,18.5
Chad,TCD,2016,73.590507814996,26.7
Togo,TGO,2016,29.0966065606335,20.4
Thailand,THA,2016,28.4546807715947,8.1
Tajikistan,TJK,2016,64.3148735689597,12.2
Turkmenistan,TKM,2016,25.0017439126199,3.4
Timor-Leste,TLS,2016,48.4785108790414,16.2
Trinidad and Tobago,TTO,2016,2.28357248936679,7.1
Tunisia,TUN,2016,10.8957141967788,2.6
Uganda,UGA,2016,76.5459396057601,35.5
Ukraine,UKR,2016,13.0468504066504,2.6
Uruguay,URY,2016,3.89180501073408,2.5
Uzbekistan,UZB,2016,25.1277517238565,2.5
Viet Nam,VNM,2016,43.4981815324226,7.3
Vanuatu,VUT,2016,51.4084342691778,7.4
Samoa,WSM,2016,18.0102381482306,4.9
South Africa,ZAF,2016,3.89831126803292,6.1
Zambia,ZMB,2016,68.3219658280184,31.8
Zimbabwe,ZWE,2016,68.4435614551833,30.9
Afghanistan,AFG,2017,47.7119564058148,22.6
Angola,AGO,2017,59.3835284540239,15.9
Albania,ALB,2017,42.0556274182427,4.3
United Arab Emirates,ARE,2017,0.11151335201189,2.9
Argentina,ARG,2017,3.56278572067775,3.7
Armenia,ARM,2017,34.7926182761422,2.5
Australia,AUS,2017,1.65617101888279,2.5
Austria,AUT,2017,3.6807732536071,2.5
Azerbaijan,AZE,2017,42.0512184853297,2.5
Belgium,BEL,2017,0.699058545456909,2.5
Benin,BEN,2017,34.2766388222525,11.4
Burkina Faso,BFA,2017,55.8279480696132,14.5
Bangladesh,BGD,2017,59.5151817550646,12.0
Bulgaria,BGR,2017,4.61081247934772,3.1
Bosnia and Herzegovina,BIH,2017,21.5168276152534,2.5
Belarus,BLR,2017,7.26088121331792,2.5
Belize,BLZ,2017,5.19137238316769,5.3
Brazil,BRA,2017,4.16335745134554,2.5
Barbados,BRB,2017,1.78800606697002,2.5
Botswana,BWA,2017,9.07133004049303,22.1
Central African Republic,CAF,2017,65.7923830728143,24.4
Canada,CAN,2017,0.964840659810566,2.5
Switzerland,CHE,2017,2.59518103569709,2.5
Chile,CHL,2017,3.67427253164802,3.0
China,CHN,2017,22.7242584891955,2.5
Cameroon,CMR,2017,48.9910023955686,6.2
Colombia,COL,2017,6.63849703154838,4.2
Comoros,COM,2017,35.2113496325114,13.2
Cabo Verde,CPV,2017,7.84071802687762,14.8
Costa Rica,CRI,2017,8.89354413377531,2.5
Cyprus,CYP,2017,1.06786121089985,2.5
Czechia,CZE,2017,1.78634240584635,2.5
Germany,DEU,2017,0.88168241977682,2.5
Djibouti,DJI,2017,1.02067646707302,12.2
Denmark,DNK,2017,0.934824883526406,2.5
Dominican Republic,DOM,2017,1.16830170620824,5.6
Algeria,DZA,2017,3.80460982583087,2.5
Ecuador,ECU,2017,24.8619850733381,11.3
Spain,ESP,2017,2.26739245825973,2.5
Estonia,EST,2017,1.85741140820965,2.5
Ethiopia,ETH,2017,55.5987252396052,16.1
Finland,FIN,2017,1.85385828309538,2.5
Fiji,FJI,2017,37.8574129311431,6.4
France,FRA,2017,1.57187493675426,2.5
Gabon,GAB,2017,26.731034762833,17.5
Georgia,GEO,2017,48.4778882494825,5.4
Ghana,GHA,2017,39.1074557654876,7.5
Guinea,GIN,2017,50.2593544319517,13.4
Guinea-Bissau,GNB,2017,69.6505415395542,12.4
Greece,GRC,2017,10.8485094238903,2.5
Guatemala,GTM,2017,10.0023511449781,14.0
Guyana,GUY,2017,8.65706826683292,2.9
Honduras,HND,2017,9.11392556502181,13.1
Croatia,HRV,2017,5.15786800985431,2.5
Haiti,HTI,2017,30.710840018804,41.2
Hungary,HUN,2017,2.87837600129584,2.5
Indonesia,IDN,2017,27.5155727237924,6.0
India,IND,2017,52.6302055911395,10.5
Ireland,IRL,2017,1.55722720765805,2.5
Iraq,IRQ,2017,14.5332063290469,15.8
Iceland,ISL,2017,1.94055744278576,2.5
Israel,ISR,2017,0.501354477126586,2.5
Italy,ITA,2017,2.35084970884553,2.5
Jamaica,JAM,2017,9.19339980215723,6.3
Jordan,JOR,2017,0.961053929105799,10.6
Kazakhstan,KAZ,2017,14.0048772418943,2.5
Kenya,KEN,2017,57.4897154533984,22.9
Cambodia,KHM,2017,40.2121133772131,5.6
Kuwait,KWT,2017,0.168137946143694,2.5
Lebanon,LBN,2017,1.5496743699374,5.6
Liberia,LBR,2017,43.0833865230694,35.3
Libya,LBY,2017,6.86851084219016,11.9
Sri Lanka,LKA,2017,29.3522636163419,5.3
Lithuania,LTU,2017,5.40121367821687,2.5
Luxembourg,LUX,2017,0.466370384304873,2.5
Latvia,LVA,2017,4.02809661153295,2.5
Morocco,MAR,2017,49.1569972484122,3.6
Madagascar,MDG,2017,71.3588268559505,37.5
Mexico,MEX,2017,4.42130231104861,3.6
North Macedonia,MKD,2017,15.491476434403,2.6
Mali,MLI,2017,62.0471265666348,4.6
Malta,MLT,2017,0.210371543290166,2.5
Myanmar,MMR,2017,46.3168170739248,3.4
Montenegro,MNE,2017,6.96688105788563,2.5
Mongolia,MNG,2017,33.0215371466044,6.2
Mozambique,MOZ,2017,81.53197536495,32.5
Mauritania,MRT,2017,32.2624573785069,6.5
Mauritius,MUS,2017,4.044032872467,7.1
Malawi,MWI,2017,70.54925478866,18.3
Malaysia,MYS,2017,6.60883525835307,2.9
Namibia,NAM,2017,19.4588341799527,19.2
New Caledonia,NCL,2017,1.00597534225853,6.9
Niger,NER,2017,75.7237928104908,10.9
Nigeria,NGA,2017,30.7392972263193,12.1
Nicaragua,NIC,2017,9.09591957511094,15.5
Norway,NOR,2017,1.0059522485292,2.5
Nepal,NPL,2017,39.1791450048552,4.5
New Zealand,NZL,2017,4.30810097769995,2.5
Oman,OMN,2017,0.194337045669206,6.3
Pakistan,PAK,2017,69.782968567231,10.9
Panama,PAN,2017,8.95122884336652,5.0
Peru,PER,2017,21.5821246297512,6.0
Philippines,PHL,2017,15.4542208743718,6.4
Papua New Guinea,PNG,2017,29.9382874015038,28.5
Poland,POL,2017,8.88455412776195,2.5
Portugal,PRT,2017,2.06048879925026,2.5
Paraguay,PRY,2017,15.1832860892388,2.7
French Polynesia,PYF,2017,1.05299499395823,6.4
Romania,ROU,2017,10.833662590583,2.5
Russian Federation,RUS,2017,4.07369710080383,2.5
Rwanda,RWA,2017,63.7909612739756,32.7
Saudi Arabia,SAU,2017,0.731891466507032,2.5
Sudan,SDN,2017,49.0004365686597,10.8
Senegal,SEN,2017,27.3735942585136,7.1
Solomon Islands,SLB,2017,41.6816320666619,18.0
Sierra Leone,SLE,2017,48.2773898164812,27.0
El Salvador,SLV,2017,3.91290969594749,6.8
Serbia,SRB,2017,22.1955352386733,2.5
Sao Tome and Principe,STP,2017,11.8738259236068,17.8
Suriname,SUR,2017,5.70818389683949,9.0
Slovenia,SVN,2017,4.97241842108256,2.5
Sweden,SWE,2017,1.01445621219282,2.5
Eswatini,SWZ,2017,10.790594278762,13.4
Syrian Arab Republic,SYR,2017,8.49579174520501,22.8
Chad,TCD,2017,72.7814791736567,28.1
Togo,TGO,2017,28.6833479020979,19.7
Thailand,THA,2017,28.5274823970939,7.6
Tajikistan,TJK,2017,63.2892234189787,10.3
Turkmenistan,TKM,2017,24.3508196176042,3.5
Timor-Leste,TLS,2017,47.8181404824208,16.3
Trinidad and Tobago,TTO,2017,2.26964472485576,7.2
Tunisia,TUN,2017,10.12768831203,2.5
Uganda,UGA,2017,76.5042359447411,35.9
Ukraine,UKR,2017,12.9059153180917,3.0
Uruguay,URY,2017,3.82631404363935,2.5
Uzbekistan,UZB,2017,25.2485297857349,2.5
Viet Nam,VNM,2017,41.4871027577886,6.9
Vanuatu,VUT,2017,48.7648209968919,7.6
Samoa,WSM,2017,17.5294697682757,4.7
South Africa,ZAF,2017,3.78931106562352,6.4
Zambia,ZMB,2017,68.0471198246834,31.5
Zimbabwe,ZWE,2017,67.8285417898764,31.0
Afghanistan,AFG,2018,49.4848934275388,25.1
Angola,AGO,2018,59.6189993235512,18.2
Albania,ALB,2018,41.9124730701079,4.3
United Arab Emirates,ARE,2018,0.108971971300516,2.8
Argentina,ARG,2018,3.53063690824815,3.6
Armenia,ARM,2018,40.1302378358916,2.5
Australia,AUS,2018,1.68025566277331,2.5
Austria,AUT,2018,3.28314631351275,2.5
Azerbaijan,AZE,2018,41.8748862731058,2.5
Belgium,BEL,2018,0.563869824015521,2.5
Benin,BEN,2018,34.2217603220438,11.8
Burkina Faso,BFA,2018,54.2931700632134,14.3
Bangladesh,BGD,2018,61.5288557574441,10.9
Bulgaria,BGR,2018,4.45033764685746,3.0
Bosnia and Herzegovina,BIH,2018,17.4619550113272,2.5
Belarus,BLR,2018,7.6891738551593,2.5
Belize,BLZ,2018,5.38945647731917,5.0
Brazil,BRA,2018,4.07539456703253,2.5
Barbados,BRB,2018,1.68417958703799,2.8
Botswana,BWA,2018,8.83229344248582,22.8
Central African Republic,CAF,2018,65.2281746031746,25.2
Canada,CAN,2018,0.961296327669191,2.5
Switzerland,CHE,2018,2.54395796321235,2.5
Chile,CHL,2018,3.51214463539127,2.7
China,CHN,2018,21.8616442106502,2.5
Cameroon,CMR,2018,47.5397158109127,6.1
Colombia,COL,2018,6.58901092354511,4.1
Comoros,COM,2018,34.3719058073959,13.5
Cabo Verde,CPV,2018,6.46548973053013,13.4
Costa Rica,CRI,2018,9.32331935008906,2.5
Cyprus,CYP,2018,1.0140119271075,2.5
Czechia,CZE,2018,1.76301787761081,2.5
Germany,DEU,2018,0.881147933566418,2.5
Djibouti,DJI,2018,0.992475649725338,11.9
Denmark,DNK,2018,0.954273459410009,2.5
Dominican Republic,DOM,2018,1.35654695919809,6.1
Algeria,DZA,2018,3.78747764757061,2.5
Ecuador,ECU,2018,26.171857105392,12.7
Spain,ESP,2018,2.1628013370996,2.5
Estonia,EST,2018,1.64986478808521,2.5
Ethiopia,ETH,2018,53.7932285736212,18.5
Finland,FIN,2018,1.94306734736236,2.5
Fiji,FJI,2018,37.08997325867,5.6
France,FRA,2018,1.37794537395552,2.5
Gabon,GAB,2018,26.2096394732019,18.6
Georgia,GEO,2018,44.1511630757163,5.3
Ghana,GHA,2018,36.792587917526,6.6
Guinea,GIN,2018,49.5212615266034,12.5
Guinea-Bissau,GNB,2018,69.5946517198729,13.1
Greece,GRC,2018,11.0367530917735,2.5
Guatemala,GTM,2018,11.279715044432,14.0
Guyana,GUY,2018,8.41512245087997,2.7
Honduras,HND,2018,9.28846693634938,13.5
Croatia,HRV,2018,4.963632482061,2.5
Haiti,HTI,2018,30.5524281337592,42.6
Hungary,HUN,2018,2.79301661095171,2.5
Indonesia,IDN,2018,26.3015877916663,6.4
India,IND,2018,51.0992095375496,11.8
Ireland,IRL,2018,1.46210258592307,2.5
Iraq,IRQ,2018,14.3277155824811,15.4
Iceland,ISL,2018,1.20835686053077,2.5
Israel,ISR,2018,0.553984868386775,2.5
Italy,ITA,2018,2.38634798818623,2.5
Jamaica,JAM,2018,8.94646054771566,6.7
Jordan,JOR,2018,0.895903623644231,12.8
Kazakhstan,KAZ,2018,12.778578587917,2.5
Kenya,KEN,2018,56.3779885559798,23.7
Cambodia,KHM,2018,40.4337662757117,5.4
Kuwait,KWT,2018,0.161709797862753,2.5
Lebanon,LBN,2018,1.52931288694713,7.1
Liberia,LBR,2018,43.1683968785883,36.6
Libya,LBY,2018,6.64158021335146,13.2
Sri Lanka,LKA,2018,28.4367658571192,3.8
Lithuania,LTU,2018,4.68967899315675,2.5
Luxembourg,LUX,2018,0.595224503154994,2.5
Latvia,LVA,2018,3.49502401900859,2.5
Morocco,MAR,2018,46.8977109553829,4.1
Madagascar,MDG,2018,70.3303892804486,38.9
Mexico,MEX,2018,4.24231808440153,3.4
North Macedonia,MKD,2018,14.2275457103194,2.8
Mali,MLI,2018,63.4336505159578,4.8
Malta,MLT,2018,0.332476005269431,2.5
Myanmar,MMR,2018,43.3957867964476,3.2
Montenegro,MNE,2018,7.28500181267698,2.5
Mongolia,MNG,2018,31.2080475031349,5.1
Mozambique,MOZ,2018,81.1084971179248,28.3
Mauritania,MRT,2018,31.5870740809982,6.6
Mauritius,MUS,2018,3.34264133669032,7.6
Malawi,MWI,2018,70.1917468637554,19.3
Malaysia,MYS,2018,5.99762733949179,2.8
Namibia,NAM,2018,21.0393751914563,18.9
New Caledonia,NCL,2018,1.12019547035053,6.3
Niger,NER,2018,76.0673303312564,10.1
Nigeria,NGA,2018,30.3885859227351,14.3
Nicaragua,NIC,2018,9.0325103021586,15.7
Norway,NOR,2018,1.12666854064896,2.5
Nepal,NPL,2018,37.6724786041469,4.6
New Zealand,NZL,2018,3.80281296535094,2.5
Oman,OMN,2018,0.187711377574963,5.9
Pakistan,PAK,2018,66.2865134788789,12.9
Panama,PAN,2018,8.25419001587147,4.5
Peru,PER,2018,21.3676187499592,6.2
Philippines,PHL,2018,14.4820910978846,5.8
Papua New Guinea,PNG,2018,31.8602668432084,28.2
Poland,POL,2018,8.43168192093131,2.5
Portugal,PRT,2018,1.89982294158582,2.5
Paraguay,PRY,2018,14.6882750637687,3.1
French Polynesia,PYF,2018,1.01186247281965,6.0
Romania,ROU,2018,10.7899954161593,2.5
Russian Federation,RUS,2018,4.03574045286032,2.5
Rwanda,RWA,2018,61.4581750846973,35.6
Saudi Arabia,SAU,2018,0.612098053472318,2.5
Sudan,SDN,2018,47.6157017539934,10.8
Senegal,SEN,2018,22.4021652857364,6.2
Solomon Islands,SLB,2018,41.4941701453865,19.0
Sierra Leone,SLE,2018,45.3795709213519,27.8
El Salvador,SLV,2018,3.41146387230643,6.8
Serbia,SRB,2018,20.5011206983919,2.5
Sao Tome and Principe,STP,2018,11.4817629179331,16.9
Suriname,SUR,2018,5.55849775203669,8.7
Slovenia,SVN,2018,5.11402210325984,2.5
Sweden,SWE,2018,0.840309568031548,2.5
Eswatini,SWZ,2018,10.4386970416986,11.7
Syrian Arab Republic,SYR,2018,8.05314126758775,27.4
Chad,TCD,2018,71.7620046532647,29.8
Togo,TGO,2018,34.3766146259809,18.2
Thailand,THA,2018,29.2146329537378,6.8
Tajikistan,TJK,2018,62.367960187966,9.7
Turkmenistan,TKM,2018,23.7599352772038,3.6
Timor-Leste,TLS,2018,46.8342273044947,17.0
Trinidad and Tobago,TTO,2018,2.21359223300971,8.6
Tunisia,TUN,2018,10.3042147680358,2.5
Uganda,UGA,2018,73.2058082239701,33.1
Ukraine,UKR,2018,12.7261075306353,3.8
Uruguay,URY,2018,3.71582926622845,2.5
Uzbekistan,UZB,2018,27.4148290357033,2.5
Viet Nam,VNM,2018,38.7798673159368,6.4
Vanuatu,VUT,2018,46.4641649072624,7.9
Samoa,WSM,2018,17.2803883850875,4.5
South Africa,ZAF,2018,3.88696266564245,7.2
Zambia,ZMB,2018,67.0037236177824,32.1
Zimbabwe,ZWE,2018,67.0729887582676,30.0
Afghanistan,AFG,2019,51.2834767430896,27.5
Angola,AGO,2019,59.5849860509371,20.8
Albania,ALB,2019,41.2802429986711,5.4
United Arab Emirates,ARE,2019,0.109319819089402,2.5
Argentina,ARG,2019,3.46962065024176,3.5
Armenia,ARM,2019,36.2489045697264,2.5
Australia,AUS,2019,1.71958227352319,2.5
Austria,AUT,2019,3.18675377075295,2.5
Azerbaijan,AZE,2019,40.6667003129101,2.5
Belgium,BEL,2019,0.826026329369654,2.5
Benin,BEN,2019,34.4854666104414,11.7
Burkina Faso,BFA,2019,52.8645325016772,14.9
Bangladesh,BGD,2019,63.2701670899894,10.8
Bulgaria,BGR,2019,4.66326475701768,2.8
Bosnia and Herzegovina,BIH,2019,21.973313310626,2.5
Belarus,BLR,2019,7.52855369826684,2.5
Belize,BLZ,2019,7.01042008777954,5.0
Brazil,BRA,2019,3.97894696359558,2.8
Barbados,BRB,2019,1.01742925687198,3.4
Botswana,BWA,2019,8.55597193654729,22.8
Central African Republic,CAF,2019,65.0433880028728,26.6
Canada,CAN,2019,1.01182600407743,2.5
Switzerland,CHE,2019,1.89325706651831,2.5
Chile,CHL,2019,3.23997286183304,2.5
China,CHN,2019,20.8476339852186,2.5
Cameroon,CMR,2019,46.1467725982241,5.9
Colombia,COL,2019,5.79314781942348,4.2
Comoros,COM,2019,33.8381821449252,14.3
Cabo Verde,CPV,2019,5.42004085952692,12.6
Costa Rica,CRI,2019,9.10386490947009,2.5
Cyprus,CYP,2019,1.26897405533427,2.5
Czechia,CZE,2019,1.73748534134421,2.5
Germany,DEU,2019,0.813475565300963,2.5
Djibouti,DJI,2019,0.963017454691366,12.0
Denmark,DNK,2019,1.09954851602398,2.5
Dominican Republic,DOM,2019,1.2591788093217,5.9
Algeria,DZA,2019,3.74516337664632,2.5
Ecuador,ECU,2019,27.2044680664609,13.4
Spain,ESP,2019,2.14454436361857,2.5
Estonia,EST,2019,1.54374034003091,2.5
Ethiopia,ETH,2019,51.6847037099417,20.3
Finland,FIN,2019,1.96525033776982,2.5
Fiji,FJI,2019,36.7128215854424,6.2
France,FRA,2019,1.45829087336231,2.5
Gabon,GAB,2019,25.7220425138632,19.7
Georgia,GEO,2019,42.9833758231106,5.1
Ghana,GHA,2019,34.1911788500065,5.7
Guinea,GIN,2019,49.112270570036,11.1
Guinea-Bissau,GNB,2019,74.2951569925889,16.7
Greece,GRC,2019,10.1448780633509,2.5
Guatemala,GTM,2019,11.0554904623946,13.5
Guyana,GUY,2019,7.35833829717733,2.5
Honduras,HND,2019,6.88155443133832,13.7
Croatia,HRV,2019,4.26648933377666,2.5
Haiti,HTI,2019,30.4416994775985,43.6
Hungary,HUN,2019,2.89469761084009,2.5
Indonesia,IDN,2019,25.325247659601,6.6
India,IND,2019,52.3986107663891,13.4
Ireland,IRL,2019,1.20829865907522,2.5
Iraq,IRQ,2019,13.7074832191518,15.1
Iceland,ISL,2019,1.36699170691698,2.5
Israel,ISR,2019,0.511296725742752,2.5
Italy,ITA,2019,2.38197728874121,2.5
Jamaica,JAM,2019,8.22504949479812,7.0
Jordan,JOR,2019,1.07119710875835,15.2
Kazakhstan,KAZ,2019,12.1202977655793,2.5
Kenya,KEN,2019,55.4784727546129,26.3
Cambodia,KHM,2019,40.7582956082216,5.6
Kuwait,KWT,2019,0.156101921616335,2.5
Lebanon,LBN,2019,1.54470922047893,9.1
Liberia,LBR,2019,44.1424352935121,37.5
Libya,LBY,2019,6.74427980059193,14.5
Sri Lanka,LKA,2019,26.2067673260997,3.3
Lithuania,LTU,2019,4.14917224551624,2.5
Luxembourg,LUX,2019,0.358970555514351,2.5
Latvia,LVA,2019,4.09513822359165,2.5
Morocco,MAR,2019,44.5320853230863,5.3
Madagascar,MDG,2019,69.25514567024,40.6
Mexico,MEX,2019,4.31621754666912,3.1
North Macedonia,MKD,2019,12.7144857456256,2.8
Mali,MLI,2019,53.6683136375864,4.7
Malta,MLT,2019,0.467917117550399,2.5
Myanmar,MMR,2019,43.5242281996853,3.7
Montenegro,MNE,2019,6.64714269199646,2.5
Mongolia,MNG,2019,30.7220134804709,4.3
Mozambique,MOZ,2019,80.9100899010687,25.8
Mauritania,MRT,2019,30.7920094649952,7.0
Mauritius,MUS,2019,3.09727360896584,7.5
Malawi,MWI,2019,69.7007672856678,19.9
Malaysia,MYS,2019,5.34650541549356,2.7
Namibia,NAM,2019,21.3754527884086,18.5
New Caledonia,NCL,2019,1.09265734265734,5.7
Niger,NER,2019,76.5379603006478,10.9
Nigeria,NGA,2019,29.9443831351167,15.8
Nicaragua,NIC,2019,8.96049489130496,16.6
Norway,NOR,2019,1.06152659567271,2.5
Nepal,NPL,2019,36.6648095677527,5.0
New Zealand,NZL,2019,3.70313308943484,2.5
Oman,OMN,2019,0.353629916513844,5.8
Pakistan,PAK,2019,69.3336605316545,13.4
Panama,PAN,2019,8.57482334738658,4.8
Peru,PER,2019,21.4774428012996,6.3
Philippines,PHL,2019,13.8053943166589,5.2
Papua New Guinea,PNG,2019,33.4663647488513,28.3
Poland,POL,2019,8.09464215264914,2.5
Portugal,PRT,2019,1.77158485562464,2.5
Paraguay,PRY,2019,12.957091988084,3.4
French Polynesia,PYF,2019,0.973670069854917,5.3
Romania,ROU,2019,10.0540918397159,2.5
Russian Federation,RUS,2019,4.05528178248784,2.5
Rwanda,RWA,2019,57.2478473783076,34.7
Saudi Arabia,SAU,2019,0.799505160478835,2.5
Sudan,SDN,2019,46.4889611466333,11.1
Senegal,SEN,2019,17.8115565852554,5.3
Solomon Islands,SLB,2019,41.1648502502804,20.6
Sierra Leone,SLE,2019,44.7092720478098,27.5
El Salvador,SLV,2019,3.38067530276913,6.6
Serbia,SRB,2019,20.0379840256663,2.5
South Sudan,SSD,2019,61.9696584051838,21.8
Sao Tome and Principe,STP,2019,11.2866317265815,15.9
Suriname,SUR,2019,5.67252172184992,9.0
Slovenia,SVN,2019,3.5879018188114,2.5
Sweden,SWE,2019,0.696016388576979,2.5
Eswatini,SWZ,2019,9.8987394089688,11.4
Syrian Arab Republic,SYR,2019,7.71650364335632,30.6
Chad,TCD,2019,71.7511648697294,30.1
Togo,TGO,2019,40.0609637981762,15.9
Thailand,THA,2019,28.3144170016018,6.0
Tajikistan,TJK,2019,61.7786521874709,9.1
Turkmenistan,TKM,2019,23.1652598797019,3.6
Timor-Leste,TLS,2019,43.313970447291,17.5
Trinidad and Tobago,TTO,2019,2.1702107765875,10.2
Tunisia,TUN,2019,10.4117270022251,2.8
Uganda,UGA,2019,69.2940352749604,33.1
Ukraine,UKR,2019,11.6475891426271,4.3
Uruguay,URY,2019,3.60853341917012,2.5
Uzbekistan,UZB,2019,27.1039740599694,2.5
Viet Nam,VNM,2019,35.8866346513588,5.9
Vanuatu,VUT,2019,44.1073146718579,8.2
Samoa,WSM,2019,16.823087752229,4.4
South Africa,ZAF,2019,3.78946877569366,8.6
Zambia,ZMB,2019,62.6325736104415,33.9
Zimbabwe,ZWE,2019,66.8635219057605,28.2
Afghanistan,AFG,2020,53.7939670942137,28.8
Angola,AGO,2020,60.9895868209849,22.6
Albania,ALB,2020,41.0446542494486,5.8
United Arab Emirates,ARE,2020,0.0956201741693349,2.5
Argentina,ARG,2020,4.20227948109119,3.4
Armenia,ARM,2020,31.7234480463011,2.5
Australia,AUS,2020,1.90776331823838,2.5
Austria,AUT,2020,3.37782239202953,2.5
Azerbaijan,AZE,2020,40.6496921281969,2.5
Belgium,BEL,2020,0.701997047580735,2.5
Benin,BEN,2020,35.7428904454456,12.5
Burkina Faso,BFA,2020,54.2395876766844,14.3
Bangladesh,BGD,2020,66.5239843670587,10.3
Bulgaria,BGR,2020,4.14831402704253,2.5
Bosnia and Herzegovina,BIH,2020,15.1484358304513,2.5
Belarus,BLR,2020,7.38826586728659,2.5
Belize,BLZ,2020,7.38349766476388,5.1
Brazil,BRA,2020,4.37073597386259,3.4
Barbados,BRB,2020,1.44954184671018,4.0
Botswana,BWA,2020,13.5147678595108,22.9
Central African Republic,CAF,2020,67.012317785946,29.2
Canada,CAN,2020,1.02385707525388,2.5
Switzerland,CHE,2020,1.93335157931628,2.5
Chile,CHL,2020,3.87837271369822,2.5
China,CHN,2020,19.8435970122718,2.5
Cameroon,CMR,2020,47.0030086066753,5.5
Colombia,COL,2020,6.17554813956831,4.1
Comoros,COM,2020,35.1513774925944,15.6
Cabo Verde,CPV,2020,5.85298159208718,12.1
Costa Rica,CRI,2020,10.26260485334,2.5
Cyprus,CYP,2020,1.53893350054276,2.5
Czechia,CZE,2020,1.60052131189749,2.5
Germany,DEU,2020,0.756750384126601,2.5
Djibouti,DJI,2020,1.01635699539463,12.2
Denmark,DNK,2020,0.987759849118306,2.5
Dominican Republic,DOM,2020,1.25248528372901,5.5
Algeria,DZA,2020,4.02360206401,2.5
Ecuador,ECU,2020,28.4209605098558,13.6
Spain,ESP,2020,1.9366410606234,2.5
Estonia,EST,2020,1.55971197529771,2.5
Ethiopia,ETH,2020,54.144316928758,20.6
Finland,FIN,2020,2.12605919447611,2.5
Fiji,FJI,2020,38.0707589960689,6.7
France,FRA,2020,1.42940648451752,2.5
Gabon,GAB,2020,26.3791009128231,21.3
Georgia,GEO,2020,42.7764550280809,4.8
Ghana,GHA,2020,33.7698484172399,5.6
Guinea,GIN,2020,50.6441938153332,10.4
Guinea-Bissau,GNB,2020,73.1436123810719,19.5
Greece,GRC,2020,9.20290083786336,2.5
Guatemala,GTM,2020,12.0311447667086,12.9
Guyana,GUY,2020,7.61840569795984,2.5
Honduras,HND,2020,8.01199246361053,14.1
Croatia,HRV,2020,4.24537626850591,2.5
Haiti,HTI,2020,31.8569949727476,47.8
Hungary,HUN,2020,2.88085746940596,2.5
Indonesia,IDN,2020,25.8822826536235,6.6
India,IND,2020,58.0724268080462,14.3
Ireland,IRL,2020,1.45941575868814,2.5
Iraq,IRQ,2020,14.1472116191773,15.4
Iceland,ISL,2020,1.79622498977033,2.5
Israel,ISR,2020,0.445968267496169,2.5
Italy,ITA,2020,2.43034957818334,2.5
Jamaica,JAM,2020,8.88307705441781,7.6
Jordan,JOR,2020,1.04178421576372,15.4
Kazakhstan,KAZ,2020,11.8077683966312,2.5
Kenya,KEN,2020,57.3891418715927,31.6
Cambodia,KHM,2020,39.4044688544915,6.1
Kuwait,KWT,2020,0.18069113909427,2.5
Lebanon,LBN,2020,1.52890068010382,10.4
Liberia,LBR,2020,46.1044763303923,37.7
Libya,LBY,2020,6.93116473957217,16.0
Sri Lanka,LKA,2020,29.0973797621231,4.6
Lithuania,LTU,2020,3.69588873848767,2.5
Luxembourg,LUX,2020,0.437297631607669,2.5
Latvia,LVA,2020,3.56275089795056,2.5
Morocco,MAR,2020,45.1140883902402,6.5
Madagascar,MDG,2020,69.9173836170689,39.9
Mexico,MEX,2020,4.48621972501422,3.0
North Macedonia,MKD,2020,10.8599742316525,2.9
Mali,MLI,2020,65.48644904577,7.3
Malta,MLT,2020,0.316275359015272,2.5
Myanmar,MMR,2020,39.4115805832875,4.4
Montenegro,MNE,2020,6.15799272601316,2.5
Mongolia,MNG,2020,27.9995524005066,3.1
Mozambique,MOZ,2020,81.9485364794557,22.8
Mauritania,MRT,2020,32.2132262408292,7.8
Mauritius,MUS,2020,3.18342719617253,7.7
Malawi,MWI,2020,70.479103989574,20.4
Malaysia,MYS,2020,5.95208697656225,2.5
Namibia,NAM,2020,22.2227541852189,18.7
New Caledonia,NCL,2020,1.27893861476993,5.4
Niger,NER,2020,78.1108938107296,11.4
Nigeria,NGA,2020,29.3862371362241,17.6
Nicaragua,NIC,2020,9.61145732402427,17.0
Norway,NOR,2020,0.968843324624291,2.5
Nepal,NPL,2020,38.5198820684,5.2
New Zealand,NZL,2020,4.08706010185061,2.5
Oman,OMN,2020,0.688489598588681,5.7
Pakistan,PAK,2020,68.9370254463205,16.4
Panama,PAN,2020,8.63979965681955,5.3
Peru,PER,2020,29.8698865564836,6.5
Philippines,PHL,2020,15.1527334075605,4.6
Papua New Guinea,PNG,2020,36.5278131710314,27.9
Poland,POL,2020,8.3062651504986,2.5
Portugal,PRT,2020,1.72845745640952,2.5
Paraguay,PRY,2020,15.7231703333781,3.9
French Polynesia,PYF,2020,0.982166504811512,5.0
Romania,ROU,2020,9.41437739234866,2.5
Russian Federation,RUS,2020,4.20841712293853,2.5
Rwanda,RWA,2020,60.3428909338534,31.0
Saudi Arabia,SAU,2020,1.05638635817103,2.5
Sudan,SDN,2020,49.4557599386049,11.0
Senegal,SEN,2020,21.1060727146386,5.2
Solomon Islands,SLB,2020,44.0100509129214,22.0
Sierra Leone,SLE,2020,46.2085013987988,26.3
El Salvador,SLV,2020,3.51649155551689,7.0
Serbia,SRB,2020,18.4860476744595,2.5
South Sudan,SSD,2020,63.4176967006929,21.4
Sao Tome and Principe,STP,2020,11.8171021377672,16.0
Suriname,SUR,2020,5.85128429828405,9.3
Slovenia,SVN,2020,3.87378406408697,2.5
Sweden,SWE,2020,0.765057615241061,2.5
Eswatini,SWZ,2020,10.0002453245235,11.6
Syrian Arab Republic,SYR,2020,9.01488187251522,33.2
Chad,TCD,2020,73.3936867449224,30.1
Togo,TGO,2020,39.5154145676704,13.7
Thailand,THA,2020,27.9737945804029,5.4
Tajikistan,TJK,2020,63.9049440791358,9.2
Turkmenistan,TKM,2020,23.5032195965709,3.7
Timor-Leste,TLS,2020,43.110645060336,18.0
Trinidad and Tobago,TTO,2020,2.50566783036844,11.7
Tunisia,TUN,2020,10.6765543021675,3.1
Uganda,UGA,2020,71.4937995824255,25.6
Ukraine,UKR,2020,11.7838380927532,5.3
Uruguay,URY,2020,4.09482726705968,2.5
Uzbekistan,UZB,2020,28.3217589746652,2.5
Viet Nam,VNM,2020,33.8197701746786,5.6
Vanuatu,VUT,2020,46.2032497698615,8.3
Samoa,WSM,2020,17.5946765828359,4.5
South Africa,ZAF,2020,3.9636505244388,9.4
Zambia,ZMB,2020,64.4999015307493,35.7
Zimbabwe,ZWE,2020,64.1297918274327,24.8
Afghanistan,AFG,2021,74.4806014482023,28.9
Angola,AGO,2021,61.3740739192677,23.1
Albania,ALB,2021,39.665422047673,6.2
United Arab Emirates,ARE,2021,0.0699916072703586,2.5
Argentina,ARG,2021,4.09614704789845,3.3
Armenia,ARM,2021,31.6145115901735,2.5
Australia,AUS,2021,1.79625951800494,2.5
Austria,AUT,2021,3.39466783774995,2.5
Azerbaijan,AZE,2021,40.5636624789419,2.5
Belgium,BEL,2021,0.60882946961906,2.5
Benin,BEN,2021,36.3187603693455,13.3
Burkina Faso,BFA,2021,55.1341092589342,13.9
Bangladesh,BGD,2021,69.318337483757,10.6
Bulgaria,BGR,2021,4.2083572412811,2.5
Bosnia and Herzegovina,BIH,2021,24.170283170618,2.5
Belarus,BLR,2021,7.77501588702409,2.5
Belize,BLZ,2021,7.5950721175275,5.8
Brazil,BRA,2021,4.5802428180644,3.2
Barbados,BRB,2021,1.81686731839185,4.2
Botswana,BWA,2021,10.3478683594677,22.5
Central African Republic,CAF,2021,68.165240178872,29.6
Canada,CAN,2021,0.917855101321004,2.5
Switzerland,CHE,2021,1.68401587961139,2.5
Chile,CHL,2021,3.5062634681211,2.5
China,CHN,2021,19.547953096344,2.5
Cameroon,CMR,2021,46.914341104664,5.1
Colombia,COL,2021,6.10739067921108,4.1
Comoros,COM,2021,35.3872867014525,16.2
Cabo Verde,CPV,2021,6.01577909270217,12.8
Costa Rica,CRI,2021,8.72721195695612,2.5
Cyprus,CYP,2021,1.18170885635628,2.5
Czechia,CZE,2021,1.50687448912438,2.5
Germany,DEU,2021,0.886412239615511,2.5
Djibouti,DJI,2021,1.04207543056464,12.5
Denmark,DNK,2021,0.919234030061319,2.5
Dominican Republic,DOM,2021,1.40028369724748,4.4
Algeria,DZA,2021,4.15970688075866,2.5
Ecuador,ECU,2021,30.2359024422925,12.8
Spain,ESP,2021,2.17348075870515,2.5
Estonia,EST,2021,1.42410334234001,2.5
Ethiopia,ETH,2021,54.5378250995199,20.2
Finland,FIN,2021,2.0597063095046,2.5
Fiji,FJI,2021,38.531651782193,7.3
France,FRA,2021,1.44661410685569,2.5
Gabon,GAB,2021,26.4665362534135,23.5
Georgia,GEO,2021,42.8238646876221,2.9
Ghana,GHA,2021,32.3691490110509,5.9
Guinea,GIN,2021,51.2748152167834,10.4
Guinea-Bissau,GNB,2021,71.1006592921575,22.0
Greece,GRC,2021,10.2566756863463,2.5
Guatemala,GTM,2021,12.6195759568506,12.1
Guyana,GUY,2021,7.3944828930695,2.5
Honduras,HND,2021,8.44833769442267,14.0
Croatia,HRV,2021,4.85896117461463,2.5
Haiti,HTI,2021,32.5126336021355,51.1
Hungary,HUN,2021,2.64568365834189,2.5
Indonesia,IDN,2021,26.0172150158565,6.6
India,IND,2021,59.2958420307118,13.5
Ireland,IRL,2021,1.33602361159962,2.5
Iraq,IRQ,2021,14.5351705616703,15.3
Iceland,ISL,2021,1.73805025209558,2.5
Israel,ISR,2021,0.436634626418138,2.5
Italy,ITA,2021,2.46972529735297,2.5
Jamaica,JAM,2021,9.38174220579213,7.5
Jordan,JOR,2021,0.624487376259735,15.1
Kazakhstan,KAZ,2021,11.2612620833006,2.5
Kenya,KEN,2021,57.9591153884423,35.3
Cambodia,KHM,2021,39.6320832073133,5.8
Kuwait,KWT,2021,0.176468835813886,2.5
Lebanon,LBN,2021,1.55777869920897,9.8
Liberia,LBR,2021,46.9155360922454,37.0
Libya,LBY,2021,7.11397542951866,16.6
Sri Lanka,LKA,2021,29.1974347869667,6.1
Lithuania,LTU,2021,3.51968388701888,2.5
Luxembourg,LUX,2021,0.52156329533173,2.5
Latvia,LVA,2021,3.15059947452062,2.5
Morocco,MAR,2021,44.908605252682,6.9
Madagascar,MDG,2021,69.9767446829326,39.9
Mexico,MEX,2021,4.96032293173474,2.8
North Macedonia,MKD,2021,9.72558602197042,2.5
Mali,MLI,2021,64.718171605791,9.9
Malta,MLT,2021,0.379516978391139,2.5
Myanmar,MMR,2021,40.2959471812487,5.2
Montenegro,MNE,2021,5.48332891129389,2.5
Mongolia,MNG,2021,27.4273482606072,2.5
Mozambique,MOZ,2021,82.2596906801104,21.8
Mauritania,MRT,2021,32.847483095417,8.6
Mauritius,MUS,2021,3.00381974054021,7.9
Malawi,MWI,2021,71.1416384359179,20.7
Malaysia,MYS,2021,5.3156240937413,2.5
Namibia,NAM,2021,22.5471113410405,18.4
New Caledonia,NCL,2021,1.22620687053142,5.2
Niger,NER,2021,78.9221714449524,12.7
Nigeria,NGA,2021,27.6861396885078,18.7
Nicaragua,NIC,2021,9.92412147803831,17.3
Norway,NOR,2021,1.01983407133656,2.5
Nepal,NPL,2021,39.19693263314,5.4
New Zealand,NZL,2021,4.30461378827731,2.5
Oman,OMN,2021,0.618446818531096,5.9
Pakistan,PAK,2021,67.7647351333188,16.7
Panama,PAN,2021,8.52680020892446,5.8
Peru,PER,2021,25.5222703699318,6.6
Philippines,PHL,2021,15.4484408461727,3.5
Papua New Guinea,PNG,2021,38.9969052489108,28.8
Poland,POL,2021,7.83971994488318,2.5
Portugal,PRT,2021,1.65831495559772,2.5
Paraguay,PRY,2021,14.7103350396869,4.4
French Polynesia,PYF,2021,0.931277398530021,4.6
Romania,ROU,2021,9.17170043377605,2.5
Russian Federation,RUS,2021,3.96553393516241,2.5
Rwanda,RWA,2021,65.9008520901618,26.6
Saudi Arabia,SAU,2021,0.492063762534825,2.5
Senegal,SEN,2021,24.1985471639918,5.1
Solomon Islands,SLB,2021,45.2834077636551,22.0
Sierra Leone,SLE,2021,46.6868878407804,25.2
El Salvador,SLV,2021,3.33215412830371,6.8
Serbia,SRB,2021,18.300433964438,2.5
South Sudan,SSD,2021,64.8160992330348,21.0
Sao Tome and Principe,STP,2021,12.1197078221403,16.7
Suriname,SUR,2021,5.89789336444109,9.9
Slovenia,SVN,2021,3.68127086248113,2.5
Sweden,SWE,2021,1.01151064393724,2.5
Eswatini,SWZ,2021,9.77944809376088,13.1
Syrian Arab Republic,SYR,2021,9.68545696937237,35.9
Chad,TCD,2021,74.2179981558111,30.5
Togo,TGO,2021,38.1724880564934,11.1
Thailand,THA,2021,28.414559426659,5.1
Tajikistan,TJK,2021,64.7954958915857,8.6
Turkmenistan,TKM,2021,23.4187494360733,4.0
Timor-Leste,TLS,2021,42.5568395613433,18.2
Trinidad and Tobago,TTO,2021,2.83763915143877,11.9
Tunisia,TUN,2021,10.6901522753683,3.2
Uganda,UGA,2021,72.4248565383061,24.2
Ukraine,UKR,2021,11.6430172794025,6.0
Uruguay,URY,2021,4.03874181763039,2.5
Uzbekistan,UZB,2021,28.7054693756994,2.5
Viet Nam,VNM,2021,28.732682861946,5.4
Vanuatu,VUT,2021,47.2859240265514,8.0
Samoa,WSM,2021,18.0930817610063,4.2
South Africa,ZAF,2021,3.72415974344547,10.0
Zambia,ZMB,2021,62.7032149310049,36.2
Zimbabwe,ZWE,2021,60.1120928961487,21.4
Afghanistan,AFG,2022,74.3920902494415,28.1
Angola,AGO,2022,56.7940515254703,22.5
Albania,ALB,2022,39.8023498297818,5.4
United Arab Emirates,ARE,2022,0.0667073209137472,2.5
Argentina,ARG,2022,4.00633720899631,3.4
Armenia,ARM,2022,34.2376475244217,2.5
Australia,AUS,2022,1.36252199887028,2.5
Austria,AUT,2022,3.18403953648711,2.5
Azerbaijan,AZE,2022,40.5163528348722,2.5
Belgium,BEL,2022,0.579295231885974,2.5
Benin,BEN,2022,35.6946586350974,14.3
Burkina Faso,BFA,2022,54.9614587993206,13.1
Bangladesh,BGD,2022,70.8984530500263,10.4
Bulgaria,BGR,2022,4.53613460676203,2.5
Bosnia and Herzegovina,BIH,2022,23.4270253395078,2.5
Belarus,BLR,2022,7.03746854440101,2.5
Belize,BLZ,2022,7.25965398934229,7.0
Brazil,BRA,2022,3.97988064125116,2.5
Barbados,BRB,2022,2.17491968859433,4.4
Botswana,BWA,2022,9.03124115251432,24.0
Central African Republic,CAF,2022,68.0964416924277,29.8
Canada,CAN,2022,0.829907520219219,2.5
Switzerland,CHE,2022,1.57179957791873,2.5
Chile,CHL,2022,3.39497444792172,2.5
China,CHN,2022,21.0421709049858,2.5
Cameroon,CMR,2022,46.4207770815459,4.8
Colombia,COL,2022,5.77972954266441,3.9
Comoros,COM,2022,35.0779863320271,15.4
Cabo Verde,CPV,2022,5.54132938506535,13.5
Costa Rica,CRI,2022,8.02510865406644,2.5
Cyprus,CYP,2022,0.864955623324546,2.5
Czechia,CZE,2022,1.74914758365512,2.5
Germany,DEU,2022,0.883805765281454,2.5
Djibouti,DJI,2022,1.01643688154681,12.9
Denmark,DNK,2022,1.06571861296638,2.5
Dominican Republic,DOM,2022,1.50936588120862,3.6
Algeria,DZA,2022,4.10713859526267,2.5
Ecuador,ECU,2022,29.451445116776,12.1
Spain,ESP,2022,2.02296989318971,2.5
Estonia,EST,2022,1.64301717699776,2.5
Ethiopia,ETH,2022,53.706950494513,19.7
Finland,FIN,2022,2.02905414848518,2.5
Fiji,FJI,2022,37.1383025780983,6.8
France,FRA,2022,1.56898357882964,2.5
Gabon,GAB,2022,26.3101541990341,25.3
Georgia,GEO,2022,39.6648617505896,2.5
Ghana,GHA,2022,30.3083175350172,6.3
Guinea,GIN,2022,50.9111484416456,11.4
Guinea-Bissau,GNB,2022,67.8992046994794,22.1
Greece,GRC,2022,9.77211037933164,2.5
Guatemala,GTM,2022,9.44540141104372,11.8
Guyana,GUY,2022,7.00112444094994,2.5
Honduras,HND,2022,5.1309369732225,14.8
Croatia,HRV,2022,3.94547921256541,2.5
Haiti,HTI,2022,32.3538179934943,54.2
Hungary,HUN,2022,2.56716275994889,2.5
Indonesia,IDN,2022,26.5511254303295,6.3
India,IND,2022,59.1538868543901,12.0
Ireland,IRL,2022,1.10804098421755,2.5
Iraq,IRQ,2022,14.5544124597443,14.9
Iceland,ISL,2022,1.67929769544218,2.5
Israel,ISR,2022,0.415332672430605,2.5
Italy,ITA,2022,2.33427882610013,2.5
Jamaica,JAM,2022,8.71865929261679,7.7
Jordan,JOR,2022,1.06352039659225,14.3
Kazakhstan,KAZ,2022,10.5484047145203,2.5
Kenya,KEN,2022,55.4998025231752,36.8
Cambodia,KHM,2022,38.6449737790909,5.2
Kuwait,KWT,2022,0.171224221593207,2.5
Lebanon,LBN,2022,1.60401481658502,8.7
Liberia,LBR,2022,46.512840350615,35.5
Libya,LBY,2022,7.20767748782365,16.5
Sri Lanka,LKA,2022,26.4593467178036,7.4
Lithuania,LTU,2022,3.68799580996666,2.5
Luxembourg,LUX,2022,0.697818392258724,2.5
Latvia,LVA,2022,4.15105937918743,2.5
Morocco,MAR,2022,41.4784896294864,7.0
Madagascar,MDG,2022,69.0464342299543,39.5
Mexico,MEX,2022,5.00151064292596,2.7
North Macedonia,MKD,2022,8.34224195825282,2.5
Mali,MLI,2022,61.9082540651738,12.3
Malta,MLT,2022,0.273617511520737,2.5
Myanmar,MMR,2022,39.128031351848,5.4
Montenegro,MNE,2022,4.00405701360715,2.5
Mongolia,MNG,2022,26.2244986370392,2.5
Mozambique,MOZ,2022,81.9741583786201,21.8
Mauritania,MRT,2022,31.8910925593939,8.7
Mauritius,MUS,2022,3.25713081219879,8.7
Malawi,MWI,2022,71.3802182365396,21.4
Malaysia,MYS,2022,5.19491921238661,2.5
Namibia,NAM,2022,22.2293780495396,18.1
New Caledonia,NCL,2022,1.18706508391322,4.9
Niger,NER,2022,78.7303555962902,12.9
Nigeria,NGA,2022,24.879623622462,19.9
Norway,NOR,2022,0.88101695783783,2.5
Nepal,NPL,2022,38.2341133480038,5.3
New Zealand,NZL,2022,4.42243645149015,2.5
Oman,OMN,2022,1.68988132038647,5.9
Pakistan,PAK,2022,68.0157198587839,16.5
Panama,PAN,2022,7.94577389466631,5.7
Peru,PER,2022,25.2788183398744,6.9
Philippines,PHL,2022,14.9761766056099,3.0
Papua New Guinea,PNG,2022,40.7694726328899,28.7
Poland,POL,2022,7.777967237333,2.5
Portugal,PRT,2022,1.86922482122705,2.5
Paraguay,PRY,2022,11.4515168175393,5.2
French Polynesia,PYF,2022,0.888629435039242,3.8
Romania,ROU,2022,8.70333404638229,2.5
Russian Federation,RUS,2022,3.85480141967841,2.5
Rwanda,RWA,2022,65.0950532898241,24.4
Saudi Arabia,SAU,2022,0.443496540275262,2.5
Senegal,SEN,2022,26.7651554997801,5.1
Solomon Islands,SLB,2022,44.8435886846996,20.0
Sierra Leone,SLE,2022,46.0120163885268,24.1
El Salvador,SLV,2022,4.50488187401085,6.7
Serbia,SRB,2022,18.3693493634373,2.5
South Sudan,SSD,2022,64.8512369973673,22.3
Sao Tome and Principe,STP,2022,11.9811578372474,17.4
Suriname,SUR,2022,5.94550233450521,9.7
Slovenia,SVN,2022,3.8513316406461,2.5
Sweden,SWE,2022,0.843858391622795,2.5
Eswatini,SWZ,2022,10.5897030691175,14.7
Syrian Arab Republic,SYR,2022,9.12583315216527,39.0
Chad,TCD,2022,74.4601709584155,32.0
Togo,TGO,2022,35.5308193895986,9.1
Thailand,THA,2022,27.0054335177183,4.6
Tajikistan,TJK,2022,63.984325840318,8.4
Turkmenistan,TKM,2022,22.8199563003757,4.3
Timor-Leste,TLS,2022,49.0649735038455,18.7
Trinidad and Tobago,TTO,2022,2.11059561637717,11.2
Tunisia,TUN,2022,9.81979048670021,3.0
Uganda,UGA,2022,72.1811843812826,22.0
Uruguay,URY,2022,3.87536661950933,2.5
Uzbekistan,UZB,2022,28.2733749508248,2.5
Viet Nam,VNM,2022,34.6596779028206,5.3
Vanuatu,VUT,2022,46.8849873407214,7.2
Samoa,WSM,2022,17.9739932885906,3.6
South Africa,ZAF,2022,3.9769886008576,10.0
Zambia,ZMB,2022,59.6970484912739,37.2
Zimbabwe,ZWE,2022,60.1951893611718,19.7
